-- MySQL dump 10.13  Distrib 8.0.38, for Win64 (x86_64)
--
-- Host: mysql-2b4dfa0f-intambwesystem-3fa1.f.aivencloud.com    Database: school_management
-- ------------------------------------------------------
-- Server version	8.0.35

/*!40101 SET @OLD_CHARACTER_SET_CLIENT=@@CHARACTER_SET_CLIENT */;
/*!40101 SET @OLD_CHARACTER_SET_RESULTS=@@CHARACTER_SET_RESULTS */;
/*!40101 SET @OLD_COLLATION_CONNECTION=@@COLLATION_CONNECTION */;
/*!50503 SET NAMES utf8 */;
/*!40103 SET @OLD_TIME_ZONE=@@TIME_ZONE */;
/*!40103 SET TIME_ZONE='+00:00' */;
/*!40014 SET @OLD_UNIQUE_CHECKS=@@UNIQUE_CHECKS, UNIQUE_CHECKS=0 */;
/*!40014 SET @OLD_FOREIGN_KEY_CHECKS=@@FOREIGN_KEY_CHECKS, FOREIGN_KEY_CHECKS=0 */;
/*!40101 SET @OLD_SQL_MODE=@@SQL_MODE, SQL_MODE='NO_AUTO_VALUE_ON_ZERO' */;
/*!40111 SET @OLD_SQL_NOTES=@@SQL_NOTES, SQL_NOTES=0 */;
SET @MYSQLDUMP_TEMP_LOG_BIN = @@SESSION.SQL_LOG_BIN;
SET @@SESSION.SQL_LOG_BIN= 0;

--
-- GTID state at the beginning of the backup 
--

SET @@GLOBAL.GTID_PURGED=/*!80000 '+'*/ '08983210-d43d-11f0-a801-3a06b0e9eeeb:1-966,
ba3dfab3-dc0f-11f0-93ea-023765d3bf50:1-5404';

--
-- Table structure for table `Attendance`
--

DROP TABLE IF EXISTS `Attendance`;
/*!40101 SET @saved_cs_client     = @@character_set_client */;
/*!50503 SET character_set_client = utf8mb4 */;
CREATE TABLE `Attendance` (
  `id` int NOT NULL AUTO_INCREMENT,
  `student_id` int NOT NULL,
  `class_id` int NOT NULL,
  `date` date NOT NULL,
  `time_in` time NOT NULL,
  `time_out` time DEFAULT NULL,
  `status` enum('present','absent','late') NOT NULL DEFAULT 'present',
  `method` enum('QR','RFID','manual') NOT NULL DEFAULT 'manual',
  `created_at` datetime NOT NULL,
  `updated_at` datetime NOT NULL,
  `emp_id` int DEFAULT NULL,
  PRIMARY KEY (`id`),
  KEY `idx_attendance_student` (`student_id`),
  KEY `idx_attendance_class` (`class_id`),
  KEY `idx_attendance_emp` (`emp_id`),
  KEY `idx_attendance_date` (`date`),
  KEY `idx_attendance_student_date` (`student_id`,`date`),
  KEY `idx_attendance_class_date` (`class_id`,`date`),
  KEY `idx_attendance_status` (`status`),
  KEY `idx_attendance_method` (`method`),
  CONSTRAINT `Attendance_ibfk_72` FOREIGN KEY (`student_id`) REFERENCES `Student` (`std_id`) ON DELETE CASCADE ON UPDATE CASCADE,
  CONSTRAINT `Attendance_ibfk_73` FOREIGN KEY (`class_id`) REFERENCES `Class` (`class_id`) ON DELETE CASCADE ON UPDATE CASCADE,
  CONSTRAINT `Attendance_ibfk_74` FOREIGN KEY (`emp_id`) REFERENCES `Employee` (`emp_id`) ON DELETE SET NULL ON UPDATE CASCADE
) ENGINE=InnoDB DEFAULT CHARSET=utf8mb4 COLLATE=utf8mb4_0900_ai_ci;
/*!40101 SET character_set_client = @saved_cs_client */;

--
-- Dumping data for table `Attendance`
--

LOCK TABLES `Attendance` WRITE;
/*!40000 ALTER TABLE `Attendance` DISABLE KEYS */;
/*!40000 ALTER TABLE `Attendance` ENABLE KEYS */;
UNLOCK TABLES;

--
-- Table structure for table `Class`
--

DROP TABLE IF EXISTS `Class`;
/*!40101 SET @saved_cs_client     = @@character_set_client */;
/*!50503 SET character_set_client = utf8mb4 */;
CREATE TABLE `Class` (
  `class_id` int NOT NULL AUTO_INCREMENT,
  `class_name` varchar(50) NOT NULL,
  `dpt_id` int DEFAULT NULL,
  `emp_id` int DEFAULT NULL,
  `trade_id` int NOT NULL,
  `createdAt` datetime NOT NULL,
  `updatedAt` datetime NOT NULL,
  `RQF` varchar(50) DEFAULT NULL,
  PRIMARY KEY (`class_id`),
  KEY `dpt_id` (`dpt_id`),
  KEY `emp_id` (`emp_id`),
  KEY `trade_id` (`trade_id`),
  CONSTRAINT `Class_ibfk_175` FOREIGN KEY (`dpt_id`) REFERENCES `Department` (`dpt_id`) ON DELETE SET NULL ON UPDATE CASCADE,
  CONSTRAINT `Class_ibfk_176` FOREIGN KEY (`emp_id`) REFERENCES `Employee` (`emp_id`) ON DELETE SET NULL ON UPDATE CASCADE,
  CONSTRAINT `Class_ibfk_177` FOREIGN KEY (`trade_id`) REFERENCES `Trade` (`trade_id`) ON DELETE CASCADE ON UPDATE CASCADE
) ENGINE=InnoDB AUTO_INCREMENT=6 DEFAULT CHARSET=utf8mb4 COLLATE=utf8mb4_0900_ai_ci;
/*!40101 SET character_set_client = @saved_cs_client */;

--
-- Dumping data for table `Class`
--

LOCK TABLES `Class` WRITE;
/*!40000 ALTER TABLE `Class` DISABLE KEYS */;
INSERT INTO `Class` VALUES (1,'L3 Software Development',1,NULL,1,'2025-12-20 11:10:41','2025-12-21 08:40:02','3'),(2,'L4 Software Development',1,NULL,1,'2025-12-20 11:59:21','2025-12-21 08:39:53','4'),(5,'L5 Software development',1,NULL,1,'2025-12-20 14:03:54','2025-12-21 08:14:28','5');
/*!40000 ALTER TABLE `Class` ENABLE KEYS */;
UNLOCK TABLES;

--
-- Table structure for table `ClassSubject`
--

DROP TABLE IF EXISTS `ClassSubject`;
/*!40101 SET @saved_cs_client     = @@character_set_client */;
/*!50503 SET character_set_client = utf8mb4 */;
CREATE TABLE `ClassSubject` (
  `id` int NOT NULL AUTO_INCREMENT,
  `class_id` int NOT NULL,
  `sbj_id` int NOT NULL,
  `teacher_id` int DEFAULT NULL,
  `credit` int NOT NULL,
  `total_max` int NOT NULL,
  `createdAt` datetime NOT NULL,
  `updatedAt` datetime NOT NULL,
  PRIMARY KEY (`id`),
  UNIQUE KEY `uniq_class_subject` (`class_id`,`sbj_id`),
  KEY `idx_classsubject_class` (`class_id`),
  KEY `idx_classsubject_subject` (`sbj_id`),
  KEY `idx_classsubject_teacher` (`teacher_id`),
  CONSTRAINT `ClassSubject_ibfk_43` FOREIGN KEY (`class_id`) REFERENCES `Class` (`class_id`) ON DELETE CASCADE ON UPDATE CASCADE,
  CONSTRAINT `ClassSubject_ibfk_44` FOREIGN KEY (`sbj_id`) REFERENCES `Subject` (`sbj_id`) ON DELETE CASCADE ON UPDATE CASCADE,
  CONSTRAINT `ClassSubject_ibfk_45` FOREIGN KEY (`teacher_id`) REFERENCES `Employee` (`emp_id`) ON DELETE SET NULL ON UPDATE CASCADE
) ENGINE=InnoDB AUTO_INCREMENT=57 DEFAULT CHARSET=utf8mb4 COLLATE=utf8mb4_0900_ai_ci;
/*!40101 SET character_set_client = @saved_cs_client */;

--
-- Dumping data for table `ClassSubject`
--

LOCK TABLES `ClassSubject` WRITE;
/*!40000 ALTER TABLE `ClassSubject` DISABLE KEYS */;
INSERT INTO `ClassSubject` VALUES (1,1,2,7,12,100,'2025-12-20 15:28:03','2025-12-20 15:28:03'),(2,1,3,7,12,100,'2025-12-20 15:28:48','2025-12-20 15:28:48'),(3,1,4,5,8,100,'2025-12-20 15:29:14','2025-12-20 15:29:14'),(4,1,5,4,8,100,'2025-12-20 15:33:21','2025-12-20 15:33:21'),(5,1,6,7,12,100,'2025-12-20 15:33:22','2025-12-20 15:33:22'),(6,1,7,6,15,100,'2025-12-20 15:33:23','2025-12-20 15:33:23'),(7,1,8,5,30,100,'2025-12-20 15:33:24','2025-12-20 15:33:24'),(8,1,9,7,10,100,'2025-12-20 15:33:25','2025-12-20 15:33:25'),(9,1,10,6,6,100,'2025-12-20 15:33:25','2025-12-20 15:33:25'),(10,1,11,7,5,100,'2025-12-20 15:33:26','2025-12-20 15:33:26'),(11,1,1,4,3,100,'2025-12-20 15:33:27','2025-12-20 15:33:27'),(12,1,12,6,3,100,'2025-12-20 15:34:22','2025-12-20 15:34:22'),(13,1,13,6,3,100,'2025-12-20 15:37:32','2025-12-20 15:37:32'),(14,1,14,7,3,100,'2025-12-20 15:37:33','2025-12-20 15:37:33'),(15,1,15,5,3,100,'2025-12-20 15:37:34','2025-12-20 15:37:34'),(16,1,16,6,3,100,'2025-12-20 15:37:36','2025-12-20 15:37:36'),(17,1,18,4,3,100,'2025-12-20 15:37:37','2025-12-20 15:37:37'),(18,1,19,6,3,100,'2025-12-20 15:37:38','2025-12-20 15:37:38'),(19,1,22,6,3,100,'2025-12-20 15:40:27','2025-12-20 15:40:27'),(20,2,23,7,10,100,'2025-12-20 16:35:55','2025-12-20 16:35:55'),(21,2,24,6,8,100,'2025-12-20 16:35:56','2025-12-20 16:35:56'),(22,2,25,5,6,100,'2025-12-20 16:35:57','2025-12-20 16:35:57'),(23,2,26,4,5,100,'2025-12-20 16:35:58','2025-12-20 16:35:58'),(24,2,27,7,8,100,'2025-12-20 16:35:59','2025-12-20 16:35:59'),(25,2,28,7,10,100,'2025-12-20 16:36:00','2025-12-20 16:36:00'),(26,2,29,5,10,100,'2025-12-20 16:36:01','2025-12-20 16:36:01'),(27,2,30,4,12,100,'2025-12-20 16:36:02','2025-12-20 16:36:02'),(28,2,31,6,12,100,'2025-12-20 16:36:03','2025-12-20 16:36:03'),(29,2,32,7,12,100,'2025-12-20 16:36:04','2025-12-20 16:36:04'),(30,2,33,7,12,100,'2025-12-20 16:40:32','2025-12-20 16:40:32'),(31,2,34,6,10,100,'2025-12-20 16:40:34','2025-12-20 16:40:34'),(32,2,35,5,12,100,'2025-12-20 16:40:35','2025-12-20 16:40:35'),(33,2,36,4,12,100,'2025-12-20 16:40:35','2025-12-20 16:40:35'),(34,2,37,7,10,100,'2025-12-20 16:40:36','2025-12-20 16:40:36'),(35,2,38,6,12,100,'2025-12-20 16:40:37','2025-12-20 16:40:37'),(36,5,39,7,10,100,'2025-12-20 16:45:01','2025-12-20 16:45:01'),(37,5,40,6,8,100,'2025-12-20 16:45:03','2025-12-20 16:45:03'),(38,5,41,5,6,100,'2025-12-20 16:45:04','2025-12-20 16:45:04'),(39,5,42,4,9,100,'2025-12-20 16:45:05','2025-12-20 16:45:05'),(40,5,43,4,10,100,'2025-12-20 16:45:06','2025-12-20 16:45:06'),(41,5,44,7,8,100,'2025-12-20 16:45:07','2025-12-20 16:45:07'),(42,5,45,5,10,100,'2025-12-20 16:45:09','2025-12-20 16:45:09'),(43,5,46,7,7,100,'2025-12-20 16:45:10','2025-12-20 16:45:10'),(44,5,47,7,10,100,'2025-12-20 16:45:12','2025-12-20 16:45:12'),(45,5,48,6,7,100,'2025-12-20 16:45:13','2025-12-20 16:45:13'),(46,5,49,5,10,100,'2025-12-20 16:45:14','2025-12-20 16:45:14'),(47,5,50,7,10,100,'2025-12-20 16:45:16','2025-12-20 16:45:16'),(48,5,51,7,10,100,'2025-12-20 16:52:04','2025-12-20 16:52:04'),(49,5,52,6,12,100,'2025-12-20 16:52:05','2025-12-20 16:52:05'),(50,5,53,5,8,100,'2025-12-20 16:52:06','2025-12-20 16:52:06'),(51,5,54,4,10,100,'2025-12-20 16:52:07','2025-12-20 16:52:07'),(52,5,55,7,12,100,'2025-12-20 16:52:08','2025-12-20 16:52:08'),(53,5,56,6,10,100,'2025-12-20 16:52:09','2025-12-20 16:52:09'),(54,5,57,5,8,100,'2025-12-20 16:52:10','2025-12-20 16:52:10'),(55,5,28,6,10,100,'2025-12-21 06:39:07','2025-12-21 06:39:07'),(56,5,59,6,10,100,'2025-12-21 06:47:26','2025-12-21 06:47:26');
/*!40000 ALTER TABLE `ClassSubject` ENABLE KEYS */;
UNLOCK TABLES;

--
-- Table structure for table `Department`
--

DROP TABLE IF EXISTS `Department`;
/*!40101 SET @saved_cs_client     = @@character_set_client */;
/*!50503 SET character_set_client = utf8mb4 */;
CREATE TABLE `Department` (
  `dpt_id` int NOT NULL AUTO_INCREMENT,
  `dpt_name` varchar(100) NOT NULL,
  PRIMARY KEY (`dpt_id`),
  UNIQUE KEY `dpt_name` (`dpt_name`),
  UNIQUE KEY `dpt_name_2` (`dpt_name`),
  UNIQUE KEY `dpt_name_3` (`dpt_name`),
  UNIQUE KEY `dpt_name_4` (`dpt_name`),
  UNIQUE KEY `dpt_name_5` (`dpt_name`),
  UNIQUE KEY `dpt_name_6` (`dpt_name`),
  UNIQUE KEY `dpt_name_7` (`dpt_name`),
  UNIQUE KEY `dpt_name_8` (`dpt_name`),
  UNIQUE KEY `dpt_name_9` (`dpt_name`),
  UNIQUE KEY `dpt_name_10` (`dpt_name`),
  UNIQUE KEY `dpt_name_11` (`dpt_name`),
  UNIQUE KEY `dpt_name_12` (`dpt_name`),
  UNIQUE KEY `dpt_name_13` (`dpt_name`),
  UNIQUE KEY `dpt_name_14` (`dpt_name`),
  UNIQUE KEY `dpt_name_15` (`dpt_name`),
  UNIQUE KEY `dpt_name_16` (`dpt_name`),
  UNIQUE KEY `dpt_name_17` (`dpt_name`),
  UNIQUE KEY `dpt_name_18` (`dpt_name`),
  UNIQUE KEY `dpt_name_19` (`dpt_name`),
  UNIQUE KEY `dpt_name_20` (`dpt_name`),
  UNIQUE KEY `dpt_name_21` (`dpt_name`),
  UNIQUE KEY `dpt_name_22` (`dpt_name`),
  UNIQUE KEY `dpt_name_23` (`dpt_name`),
  UNIQUE KEY `dpt_name_24` (`dpt_name`),
  UNIQUE KEY `dpt_name_25` (`dpt_name`),
  UNIQUE KEY `dpt_name_26` (`dpt_name`),
  UNIQUE KEY `dpt_name_27` (`dpt_name`),
  UNIQUE KEY `dpt_name_28` (`dpt_name`),
  UNIQUE KEY `dpt_name_29` (`dpt_name`),
  UNIQUE KEY `dpt_name_30` (`dpt_name`),
  UNIQUE KEY `dpt_name_31` (`dpt_name`),
  UNIQUE KEY `dpt_name_32` (`dpt_name`),
  UNIQUE KEY `dpt_name_33` (`dpt_name`),
  UNIQUE KEY `dpt_name_34` (`dpt_name`),
  UNIQUE KEY `dpt_name_35` (`dpt_name`),
  UNIQUE KEY `dpt_name_36` (`dpt_name`),
  UNIQUE KEY `dpt_name_37` (`dpt_name`),
  UNIQUE KEY `dpt_name_38` (`dpt_name`),
  UNIQUE KEY `dpt_name_39` (`dpt_name`),
  UNIQUE KEY `dpt_name_40` (`dpt_name`),
  UNIQUE KEY `dpt_name_41` (`dpt_name`),
  UNIQUE KEY `dpt_name_42` (`dpt_name`),
  UNIQUE KEY `dpt_name_43` (`dpt_name`),
  UNIQUE KEY `dpt_name_44` (`dpt_name`),
  UNIQUE KEY `dpt_name_45` (`dpt_name`),
  UNIQUE KEY `dpt_name_46` (`dpt_name`),
  UNIQUE KEY `dpt_name_47` (`dpt_name`),
  UNIQUE KEY `dpt_name_48` (`dpt_name`),
  UNIQUE KEY `dpt_name_49` (`dpt_name`),
  UNIQUE KEY `dpt_name_50` (`dpt_name`),
  UNIQUE KEY `dpt_name_51` (`dpt_name`),
  UNIQUE KEY `dpt_name_52` (`dpt_name`),
  UNIQUE KEY `dpt_name_53` (`dpt_name`),
  UNIQUE KEY `dpt_name_54` (`dpt_name`),
  UNIQUE KEY `dpt_name_55` (`dpt_name`),
  UNIQUE KEY `dpt_name_56` (`dpt_name`),
  UNIQUE KEY `dpt_name_57` (`dpt_name`),
  UNIQUE KEY `dpt_name_58` (`dpt_name`),
  UNIQUE KEY `dpt_name_59` (`dpt_name`),
  UNIQUE KEY `dpt_name_60` (`dpt_name`),
  UNIQUE KEY `dpt_name_61` (`dpt_name`)
) ENGINE=InnoDB AUTO_INCREMENT=2 DEFAULT CHARSET=utf8mb4 COLLATE=utf8mb4_0900_ai_ci;
/*!40101 SET character_set_client = @saved_cs_client */;

--
-- Dumping data for table `Department`
--

LOCK TABLES `Department` WRITE;
/*!40000 ALTER TABLE `Department` DISABLE KEYS */;
INSERT INTO `Department` VALUES (1,'ICT');
/*!40000 ALTER TABLE `Department` ENABLE KEYS */;
UNLOCK TABLES;

--
-- Table structure for table `DisciplineMarks`
--

DROP TABLE IF EXISTS `DisciplineMarks`;
/*!40101 SET @saved_cs_client     = @@character_set_client */;
/*!50503 SET character_set_client = utf8mb4 */;
CREATE TABLE `DisciplineMarks` (
  `dis_id` int NOT NULL AUTO_INCREMENT,
  `std_id` int NOT NULL,
  `class_id` int DEFAULT NULL,
  `ac_year` varchar(100) DEFAULT NULL,
  `semester` varchar(50) DEFAULT NULL,
  `discipline_score` decimal(5,2) DEFAULT '100.00',
  `discipline_maxScore` decimal(5,2) DEFAULT '100.00',
  `emp_id` int DEFAULT NULL,
  `date_recorded` datetime NOT NULL,
  PRIMARY KEY (`dis_id`),
  UNIQUE KEY `unique_discipline_per_semester` (`std_id`,`semester`,`ac_year`),
  KEY `class_id` (`class_id`),
  KEY `emp_id` (`emp_id`),
  KEY `idx_discipline_student` (`std_id`),
  CONSTRAINT `DisciplineMarks_ibfk_1` FOREIGN KEY (`std_id`) REFERENCES `Student` (`std_id`) ON DELETE CASCADE ON UPDATE CASCADE,
  CONSTRAINT `DisciplineMarks_ibfk_2` FOREIGN KEY (`class_id`) REFERENCES `Class` (`class_id`) ON DELETE SET NULL ON UPDATE CASCADE,
  CONSTRAINT `DisciplineMarks_ibfk_3` FOREIGN KEY (`emp_id`) REFERENCES `Employee` (`emp_id`) ON DELETE SET NULL ON UPDATE CASCADE
) ENGINE=InnoDB AUTO_INCREMENT=47 DEFAULT CHARSET=utf8mb4 COLLATE=utf8mb4_0900_ai_ci;
/*!40101 SET character_set_client = @saved_cs_client */;

--
-- Dumping data for table `DisciplineMarks`
--

LOCK TABLES `DisciplineMarks` WRITE;
/*!40000 ALTER TABLE `DisciplineMarks` DISABLE KEYS */;
INSERT INTO `DisciplineMarks` VALUES (1,4,1,'2025/26','Semester 1',75.00,100.00,NULL,'2025-12-21 06:19:26'),(2,7,1,'2025/26','Semester 1',70.00,100.00,NULL,'2025-12-21 06:19:26'),(3,33,1,'2025/26','Semester 1',75.00,100.00,NULL,'2025-12-21 06:19:27'),(4,5,1,'2025/26','Semester 1',75.00,100.00,NULL,'2025-12-21 06:19:27'),(5,32,1,'2025/26','Semester 1',75.00,100.00,NULL,'2025-12-21 06:19:27'),(6,1,1,'2025/26','Semester 1',75.00,100.00,NULL,'2025-12-21 06:19:27'),(7,3,1,'2025/26','Semester 1',70.00,100.00,NULL,'2025-12-21 06:19:28'),(8,36,1,'2025/26','Semester 1',60.00,100.00,NULL,'2025-12-21 06:19:28'),(9,2,1,'2025/26','Semester 1',75.00,100.00,NULL,'2025-12-21 06:19:28'),(10,30,1,'2025/26','Semester 1',75.00,100.00,NULL,'2025-12-21 06:19:28'),(11,31,1,'2025/26','Semester 1',75.00,100.00,NULL,'2025-12-21 06:19:28'),(12,8,1,'2025/26','Semester 1',70.00,100.00,NULL,'2025-12-21 06:19:28'),(13,37,1,'2025/26','Semester 1',75.00,100.00,NULL,'2025-12-21 06:19:29'),(14,9,1,'2025/26','Semester 1',75.00,100.00,NULL,'2025-12-21 06:19:29'),(15,35,1,'2025/26','Semester 1',75.00,100.00,NULL,'2025-12-21 06:19:29'),(16,10,1,'2025/26','Semester 1',75.00,100.00,NULL,'2025-12-21 06:19:29'),(17,6,1,'2025/26','Semester 1',75.00,100.00,NULL,'2025-12-21 06:19:29'),(18,34,1,'2025/26','Semester 1',65.00,100.00,NULL,'2025-12-21 06:19:30'),(19,29,1,'2025/26','Semester 1',75.00,100.00,NULL,'2025-12-21 06:19:30'),(20,14,2,'2025/26','Semester 1',60.00,100.00,NULL,'2025-12-21 06:24:11'),(21,24,2,'2025/26','Semester 1',60.00,100.00,NULL,'2025-12-21 06:24:12'),(22,13,2,'2025/26','Semester 1',55.00,100.00,NULL,'2025-12-21 06:24:12'),(23,28,2,'2025/26','Semester 1',70.00,100.00,NULL,'2025-12-21 06:24:11'),(24,20,2,'2025/26','Semester 1',70.00,100.00,NULL,'2025-12-21 06:24:12'),(25,12,2,'2025/26','Semester 1',65.00,100.00,NULL,'2025-12-21 06:24:12'),(26,23,2,'2025/26','Semester 1',70.00,100.00,NULL,'2025-12-21 06:24:13'),(27,27,2,'2025/26','Semester 1',60.00,100.00,NULL,'2025-12-21 06:24:13'),(28,21,2,'2025/26','Semester 1',70.00,100.00,NULL,'2025-12-21 06:24:13'),(29,19,2,'2025/26','Semester 1',50.00,100.00,NULL,'2025-12-21 06:24:13'),(30,22,2,'2025/26','Semester 1',70.00,100.00,NULL,'2025-12-21 06:24:13'),(31,17,2,'2025/26','Semester 1',30.00,100.00,NULL,'2025-12-21 06:24:13'),(32,11,2,'2025/26','Semester 1',60.00,100.00,NULL,'2025-12-21 06:24:14'),(33,26,2,'2025/26','Semester 1',65.00,100.00,NULL,'2025-12-21 06:24:14'),(34,25,2,'2025/26','Semester 1',65.00,100.00,NULL,'2025-12-21 06:24:14'),(35,18,2,'2025/26','Semester 1',50.00,100.00,NULL,'2025-12-21 06:24:14'),(36,15,2,'2025/26','Semester 1',65.00,100.00,NULL,'2025-12-21 06:24:14'),(37,16,2,'2025/26','Semester 1',70.00,100.00,NULL,'2025-12-21 06:24:14'),(38,38,5,'2025/26','Semester 1',80.00,100.00,NULL,'2025-12-21 06:26:13'),(39,39,5,'2025/26','Semester 1',80.00,100.00,NULL,'2025-12-21 06:26:14'),(40,42,5,'2025/26','Semester 1',80.00,100.00,NULL,'2025-12-21 06:26:13'),(41,46,5,'2025/26','Semester 1',80.00,100.00,NULL,'2025-12-21 06:26:14'),(42,43,5,'2025/26','Semester 1',80.00,100.00,NULL,'2025-12-21 06:26:14'),(43,40,5,'2025/26','Semester 1',80.00,100.00,NULL,'2025-12-21 06:26:14'),(44,44,5,'2025/26','Semester 1',80.00,100.00,NULL,'2025-12-21 06:26:15'),(45,41,5,'2025/26','Semester 1',80.00,100.00,NULL,'2025-12-21 06:26:15'),(46,45,5,'2025/26','Semester 1',80.00,100.00,NULL,'2025-12-21 06:26:15');
/*!40000 ALTER TABLE `DisciplineMarks` ENABLE KEYS */;
UNLOCK TABLES;

--
-- Table structure for table `Employee`
--

DROP TABLE IF EXISTS `Employee`;
/*!40101 SET @saved_cs_client     = @@character_set_client */;
/*!50503 SET character_set_client = utf8mb4 */;
CREATE TABLE `Employee` (
  `emp_id` int NOT NULL AUTO_INCREMENT,
  `emp_name` varchar(100) NOT NULL,
  `emp_role` enum('teacher','admin','stock_manager') NOT NULL,
  `emp_gender` enum('Male','Female','Other') DEFAULT NULL,
  `emp_email` varchar(100) NOT NULL,
  `emp_phoneNumber` varchar(15) DEFAULT NULL,
  `emp_password` varchar(255) NOT NULL,
  `dpt_id` int DEFAULT NULL,
  PRIMARY KEY (`emp_id`),
  UNIQUE KEY `emp_email` (`emp_email`),
  UNIQUE KEY `emp_email_2` (`emp_email`),
  UNIQUE KEY `emp_email_3` (`emp_email`),
  UNIQUE KEY `emp_email_4` (`emp_email`),
  UNIQUE KEY `emp_email_5` (`emp_email`),
  UNIQUE KEY `emp_email_6` (`emp_email`),
  UNIQUE KEY `emp_email_7` (`emp_email`),
  UNIQUE KEY `emp_email_8` (`emp_email`),
  UNIQUE KEY `emp_email_9` (`emp_email`),
  UNIQUE KEY `emp_email_10` (`emp_email`),
  UNIQUE KEY `emp_email_11` (`emp_email`),
  UNIQUE KEY `emp_email_12` (`emp_email`),
  UNIQUE KEY `emp_email_13` (`emp_email`),
  UNIQUE KEY `emp_email_14` (`emp_email`),
  UNIQUE KEY `emp_email_15` (`emp_email`),
  UNIQUE KEY `emp_email_16` (`emp_email`),
  UNIQUE KEY `emp_email_17` (`emp_email`),
  UNIQUE KEY `emp_email_18` (`emp_email`),
  UNIQUE KEY `emp_email_19` (`emp_email`),
  UNIQUE KEY `emp_email_20` (`emp_email`),
  UNIQUE KEY `emp_email_21` (`emp_email`),
  UNIQUE KEY `emp_email_22` (`emp_email`),
  UNIQUE KEY `emp_email_23` (`emp_email`),
  UNIQUE KEY `emp_email_24` (`emp_email`),
  UNIQUE KEY `emp_email_25` (`emp_email`),
  UNIQUE KEY `emp_email_26` (`emp_email`),
  UNIQUE KEY `emp_email_27` (`emp_email`),
  UNIQUE KEY `emp_email_28` (`emp_email`),
  UNIQUE KEY `emp_email_29` (`emp_email`),
  UNIQUE KEY `emp_email_30` (`emp_email`),
  UNIQUE KEY `emp_email_31` (`emp_email`),
  UNIQUE KEY `emp_email_32` (`emp_email`),
  UNIQUE KEY `emp_email_33` (`emp_email`),
  UNIQUE KEY `emp_email_34` (`emp_email`),
  UNIQUE KEY `emp_email_35` (`emp_email`),
  UNIQUE KEY `emp_email_36` (`emp_email`),
  UNIQUE KEY `emp_email_37` (`emp_email`),
  UNIQUE KEY `emp_email_38` (`emp_email`),
  UNIQUE KEY `emp_email_39` (`emp_email`),
  UNIQUE KEY `emp_email_40` (`emp_email`),
  UNIQUE KEY `emp_email_41` (`emp_email`),
  UNIQUE KEY `emp_email_42` (`emp_email`),
  UNIQUE KEY `emp_email_43` (`emp_email`),
  UNIQUE KEY `emp_email_44` (`emp_email`),
  UNIQUE KEY `emp_email_45` (`emp_email`),
  UNIQUE KEY `emp_email_46` (`emp_email`),
  UNIQUE KEY `emp_email_47` (`emp_email`),
  UNIQUE KEY `emp_email_48` (`emp_email`),
  UNIQUE KEY `emp_email_49` (`emp_email`),
  UNIQUE KEY `emp_email_50` (`emp_email`),
  UNIQUE KEY `emp_email_51` (`emp_email`),
  UNIQUE KEY `emp_email_52` (`emp_email`),
  UNIQUE KEY `emp_email_53` (`emp_email`),
  UNIQUE KEY `emp_email_54` (`emp_email`),
  UNIQUE KEY `emp_email_55` (`emp_email`),
  UNIQUE KEY `emp_email_56` (`emp_email`),
  UNIQUE KEY `emp_email_57` (`emp_email`),
  UNIQUE KEY `emp_email_58` (`emp_email`),
  UNIQUE KEY `emp_email_59` (`emp_email`),
  UNIQUE KEY `emp_email_60` (`emp_email`),
  UNIQUE KEY `emp_email_61` (`emp_email`),
  KEY `idx_employee_role` (`emp_role`),
  KEY `dpt_id` (`dpt_id`),
  CONSTRAINT `Employee_ibfk_1` FOREIGN KEY (`dpt_id`) REFERENCES `Department` (`dpt_id`) ON DELETE SET NULL ON UPDATE CASCADE
) ENGINE=InnoDB AUTO_INCREMENT=8 DEFAULT CHARSET=utf8mb4 COLLATE=utf8mb4_0900_ai_ci;
/*!40101 SET character_set_client = @saved_cs_client */;

--
-- Dumping data for table `Employee`
--

LOCK TABLES `Employee` WRITE;
/*!40000 ALTER TABLE `Employee` DISABLE KEYS */;
INSERT INTO `Employee` VALUES (1,'John Doe','admin','Male','johndoe@example.com','0788001122','$2b$10$hUMyUYny0xHpPpgkmaW41eVMend1yN7J0PqDqgmkLsOvN73BOyi2e',NULL),(4,'serge ishimwe','teacher','Male','ishimweserge07@gmail.com','3149044711','$2b$10$SBq.jq98CHQ09WQzg1iiBeIOEPaNNd2Y7haEcXtU00B.M24kBib4.',1),(5,'DUSHIMIMANA Fabrice','teacher','Male','dushimimanafabricerwanda@gmail.com','0782355972','$2b$10$o/dFX3M9dyZq9ukwIls0beXXZAgvA60Cj8nXYl/zrahkMjMyGZDOC',1),(6,'NSINZI Francois Kibasha','teacher','Male','yallhoomoon@gmail.com','0794008384','$2b$10$qmRJhCJ/Jqwkc8d7kh0jqur2bMctPAauJz2VyUPEPwMsbVCdAhF9u',1),(7,'MIHIGO Prince','teacher','Male','mihigojordan8@gmail.com','0791813289','$2b$10$kao/numihBQiu556peUu1eYQKT/./sSPdgcoDKW6LvFO9U1/lhHey',1);
/*!40000 ALTER TABLE `Employee` ENABLE KEYS */;
UNLOCK TABLES;

--
-- Table structure for table `Marks`
--

DROP TABLE IF EXISTS `Marks`;
/*!40101 SET @saved_cs_client     = @@character_set_client */;
/*!50503 SET character_set_client = utf8mb4 */;
CREATE TABLE `Marks` (
  `mark_id` int NOT NULL AUTO_INCREMENT,
  `std_id` int NOT NULL,
  `sbj_id` int NOT NULL,
  `class_id` int DEFAULT NULL,
  `ac_year` varchar(100) DEFAULT NULL,
  `semester` varchar(50) DEFAULT NULL,
  `emp_id` int DEFAULT NULL,
  `date_recorded` datetime NOT NULL,
  `FA` json DEFAULT NULL COMMENT 'Array of { score, maxScore }',
  `IA` json DEFAULT NULL COMMENT 'Array of { score, maxScore }',
  `CA_score` decimal(5,2) DEFAULT NULL,
  `CA_maxScore` decimal(5,2) DEFAULT NULL,
  PRIMARY KEY (`mark_id`),
  UNIQUE KEY `unique_student_subject_semester` (`std_id`,`sbj_id`,`semester`,`ac_year`),
  KEY `idx_marks_student` (`std_id`),
  KEY `idx_marks_subject` (`sbj_id`),
  KEY `class_id` (`class_id`),
  KEY `emp_id` (`emp_id`),
  CONSTRAINT `Marks_ibfk_100` FOREIGN KEY (`emp_id`) REFERENCES `Employee` (`emp_id`) ON DELETE SET NULL ON UPDATE CASCADE,
  CONSTRAINT `Marks_ibfk_97` FOREIGN KEY (`std_id`) REFERENCES `Student` (`std_id`) ON DELETE CASCADE ON UPDATE CASCADE,
  CONSTRAINT `Marks_ibfk_98` FOREIGN KEY (`sbj_id`) REFERENCES `Subject` (`sbj_id`) ON DELETE CASCADE ON UPDATE CASCADE,
  CONSTRAINT `Marks_ibfk_99` FOREIGN KEY (`class_id`) REFERENCES `Class` (`class_id`) ON DELETE SET NULL ON UPDATE CASCADE
) ENGINE=InnoDB AUTO_INCREMENT=1762 DEFAULT CHARSET=utf8mb4 COLLATE=utf8mb4_0900_ai_ci;
/*!40101 SET character_set_client = @saved_cs_client */;

--
-- Dumping data for table `Marks`
--

LOCK TABLES `Marks` WRITE;
/*!40000 ALTER TABLE `Marks` DISABLE KEYS */;
INSERT INTO `Marks` VALUES (1,5,5,1,'2024/2025','Semester 1',NULL,'2025-12-20 14:23:36','[]','[]',NULL,100.00),(2,6,5,1,'2024/2025','Semester 1',NULL,'2025-12-20 14:23:35','[]','[]',NULL,100.00),(3,7,5,1,'2024/2025','Semester 1',NULL,'2025-12-20 14:23:36','[]','[]',NULL,100.00),(4,2,5,1,'2024/2025','Semester 1',NULL,'2025-12-20 14:23:36','[]','[]',NULL,100.00),(5,36,5,1,'2024/2025','Semester 1',NULL,'2025-12-20 14:23:36','[]','[]',NULL,100.00),(6,3,5,1,'2024/2025','Semester 1',NULL,'2025-12-20 14:23:36','[]','[]',NULL,100.00),(7,9,5,1,'2024/2025','Semester 1',NULL,'2025-12-20 14:23:37','[]','[]',NULL,100.00),(8,1,5,1,'2024/2025','Semester 1',NULL,'2025-12-20 14:23:37','[]','[]',NULL,100.00),(9,30,5,1,'2024/2025','Semester 1',NULL,'2025-12-20 14:23:37','[]','[]',NULL,100.00),(10,37,5,1,'2024/2025','Semester 1',NULL,'2025-12-20 14:23:38','[]','[]',NULL,100.00),(11,31,5,1,'2024/2025','Semester 1',NULL,'2025-12-20 14:23:38','[]','[]',NULL,100.00),(12,8,5,1,'2024/2025','Semester 1',NULL,'2025-12-20 14:23:38','[]','[]',NULL,100.00),(13,33,5,1,'2024/2025','Semester 1',NULL,'2025-12-20 14:23:39','[]','[]',NULL,100.00),(14,10,5,1,'2024/2025','Semester 1',NULL,'2025-12-20 14:23:39','[]','[]',NULL,100.00),(15,35,5,1,'2024/2025','Semester 1',NULL,'2025-12-20 14:23:39','[]','[]',NULL,100.00),(16,4,5,1,'2024/2025','Semester 1',NULL,'2025-12-20 14:23:39','[]','[]',NULL,100.00),(17,34,5,1,'2024/2025','Semester 1',NULL,'2025-12-20 14:23:40','[]','[]',NULL,100.00),(18,29,5,1,'2024/2025','Semester 1',NULL,'2025-12-20 14:23:40','[]','[]',NULL,100.00),(19,32,5,1,'2024/2025','Semester 1',NULL,'2025-12-20 14:23:40','[]','[]',NULL,100.00),(583,1,14,1,'2025/2026','Semester 1',1,'2025-12-20 15:22:58','[{\"label\": \"Term 1 FA\", \"score\": 18.1, \"maxScore\": 20}]','[]',NULL,NULL),(584,1,1,1,'2025/2026','Semester 1',1,'2025-12-20 15:23:00','[{\"label\": \"Term 1 FA\", \"score\": 17.5, \"maxScore\": 20}]','[]',NULL,NULL),(585,1,2,1,'2025/2026','Semester 1',1,'2025-12-20 15:23:01','[{\"label\": \"Term 1 FA\", \"score\": 19.7, \"maxScore\": 20}]','[]',NULL,NULL),(586,1,4,1,'2025/2026','Semester 1',1,'2025-12-20 15:23:02','[{\"label\": \"Term 1 FA\", \"score\": 17.4, \"maxScore\": 20}]','[]',NULL,NULL),(587,1,6,1,'2025/2026','Semester 1',1,'2025-12-20 15:23:02','[{\"label\": \"Term 1 FA\", \"score\": 20, \"maxScore\": 20}]','[]',NULL,NULL),(588,1,7,1,'2025/2026','Semester 1',1,'2025-12-20 15:23:03','[{\"label\": \"Term 1 FA\", \"score\": 18, \"maxScore\": 20}]','[]',NULL,NULL),(589,1,9,1,'2025/2026','Semester 1',1,'2025-12-20 15:23:04','[{\"label\": \"Term 1 FA\", \"score\": 16.8, \"maxScore\": 20}]','[]',NULL,NULL),(590,1,10,1,'2025/2026','Semester 1',1,'2025-12-20 15:23:04','[{\"label\": \"Term 1 FA\", \"score\": 16.1, \"maxScore\": 20}]','[]',NULL,NULL),(591,1,11,1,'2025/2026','Semester 1',1,'2025-12-20 15:23:05','[{\"label\": \"Term 1 FA\", \"score\": 14.8, \"maxScore\": 20}]','[]',NULL,NULL),(592,1,5,1,'2025/2026','Semester 1',1,'2025-12-20 15:23:06','[{\"label\": \"Term 1 FA\", \"score\": 20, \"maxScore\": 20}]','[]',NULL,NULL),(593,1,3,1,'2025/2026','Semester 1',1,'2025-12-20 15:23:06','[{\"label\": \"Term 1 FA\", \"score\": 18.6, \"maxScore\": 20}]','[]',NULL,NULL),(594,1,13,1,'2025/2026','Semester 1',1,'2025-12-20 15:23:07','[{\"label\": \"Term 1 FA\", \"score\": 18.5, \"maxScore\": 20}]','[]',NULL,NULL),(595,1,15,1,'2025/2026','Semester 1',1,'2025-12-20 15:23:08','[{\"label\": \"Term 1 FA\", \"score\": 16.5, \"maxScore\": 20}]','[]',NULL,NULL),(596,1,18,1,'2025/2026','Semester 1',1,'2025-12-20 15:23:09','[{\"label\": \"Term 1 FA\", \"score\": 17.5, \"maxScore\": 20}]','[]',NULL,NULL),(597,1,12,1,'2025/2026','Semester 1',1,'2025-12-20 15:23:09','[{\"label\": \"Term 1 FA\", \"score\": 18, \"maxScore\": 20}]','[]',NULL,NULL),(598,1,16,1,'2025/2026','Semester 1',1,'2025-12-20 15:23:10','[{\"label\": \"Term 1 FA\", \"score\": 15, \"maxScore\": 20}]','[]',NULL,NULL),(599,1,19,1,'2025/2026','Semester 1',1,'2025-12-20 15:23:11','[{\"label\": \"Term 1 FA\", \"score\": 15.5, \"maxScore\": 20}]','[]',NULL,NULL),(600,2,14,1,'2025/2026','Semester 1',1,'2025-12-20 15:23:12','[{\"label\": \"Term 1 FA\", \"score\": 18.5, \"maxScore\": 20}]','[]',NULL,NULL),(601,2,1,1,'2025/2026','Semester 1',1,'2025-12-20 15:23:12','[{\"label\": \"Term 1 FA\", \"score\": 17.5, \"maxScore\": 20}]','[]',NULL,NULL),(602,2,2,1,'2025/2026','Semester 1',1,'2025-12-20 15:23:13','[{\"label\": \"Term 1 FA\", \"score\": 19.45, \"maxScore\": 20}]','[]',NULL,NULL),(603,2,4,1,'2025/2026','Semester 1',1,'2025-12-20 15:23:14','[{\"label\": \"Term 1 FA\", \"score\": 17.4, \"maxScore\": 20}]','[]',NULL,NULL),(604,2,6,1,'2025/2026','Semester 1',1,'2025-12-20 15:23:14','[{\"label\": \"Term 1 FA\", \"score\": 16.8, \"maxScore\": 20}]','[]',NULL,NULL),(605,2,7,1,'2025/2026','Semester 1',1,'2025-12-20 15:23:15','[{\"label\": \"Term 1 FA\", \"score\": 17.5, \"maxScore\": 20}]','[]',NULL,NULL),(606,2,9,1,'2025/2026','Semester 1',1,'2025-12-20 15:23:16','[{\"label\": \"Term 1 FA\", \"score\": 16.65, \"maxScore\": 20}]','[]',NULL,NULL),(607,2,10,1,'2025/2026','Semester 1',1,'2025-12-20 15:23:17','[{\"label\": \"Term 1 FA\", \"score\": 18.2, \"maxScore\": 20}]','[]',NULL,NULL),(608,2,11,1,'2025/2026','Semester 1',1,'2025-12-20 15:23:17','[{\"label\": \"Term 1 FA\", \"score\": 17.9, \"maxScore\": 20}]','[]',NULL,NULL),(609,2,5,1,'2025/2026','Semester 1',1,'2025-12-20 15:23:18','[{\"label\": \"Term 1 FA\", \"score\": 18, \"maxScore\": 20}]','[]',NULL,NULL),(610,2,3,1,'2025/2026','Semester 1',1,'2025-12-20 15:23:19','[{\"label\": \"Term 1 FA\", \"score\": 16.2, \"maxScore\": 20}]','[]',NULL,NULL),(611,2,13,1,'2025/2026','Semester 1',1,'2025-12-20 15:23:19','[{\"label\": \"Term 1 FA\", \"score\": 17, \"maxScore\": 20}]','[]',NULL,NULL),(612,2,15,1,'2025/2026','Semester 1',1,'2025-12-20 15:23:21','[{\"label\": \"Term 1 FA\", \"score\": 18.35, \"maxScore\": 20}]','[]',NULL,NULL),(613,2,18,1,'2025/2026','Semester 1',1,'2025-12-20 15:23:22','[{\"label\": \"Term 1 FA\", \"score\": 17, \"maxScore\": 20}]','[]',NULL,NULL),(614,2,12,1,'2025/2026','Semester 1',1,'2025-12-20 15:23:22','[{\"label\": \"Term 1 FA\", \"score\": 10.8, \"maxScore\": 20}]','[]',NULL,NULL),(615,2,16,1,'2025/2026','Semester 1',1,'2025-12-20 15:23:23','[{\"label\": \"Term 1 FA\", \"score\": 15.5, \"maxScore\": 20}]','[]',NULL,NULL),(616,2,19,1,'2025/2026','Semester 1',1,'2025-12-20 15:23:24','[{\"label\": \"Term 1 FA\", \"score\": 15.5, \"maxScore\": 20}]','[]',NULL,NULL),(617,3,14,1,'2025/2026','Semester 1',1,'2025-12-20 15:23:24','[{\"label\": \"Term 1 FA\", \"score\": 16.7, \"maxScore\": 20}]','[]',NULL,NULL),(618,3,1,1,'2025/2026','Semester 1',1,'2025-12-20 15:23:25','[{\"label\": \"Term 1 FA\", \"score\": 17.5, \"maxScore\": 20}]','[]',NULL,NULL),(619,3,2,1,'2025/2026','Semester 1',1,'2025-12-20 15:23:26','[{\"label\": \"Term 1 FA\", \"score\": 17.45, \"maxScore\": 20}]','[]',NULL,NULL),(620,3,4,1,'2025/2026','Semester 1',1,'2025-12-20 15:23:26','[{\"label\": \"Term 1 FA\", \"score\": 16.2, \"maxScore\": 20}]','[]',NULL,NULL),(621,3,6,1,'2025/2026','Semester 1',1,'2025-12-20 15:23:27','[{\"label\": \"Term 1 FA\", \"score\": 17.6, \"maxScore\": 20}]','[]',NULL,NULL),(622,3,7,1,'2025/2026','Semester 1',1,'2025-12-20 15:23:28','[{\"label\": \"Term 1 FA\", \"score\": 17, \"maxScore\": 20}]','[]',NULL,NULL),(623,3,9,1,'2025/2026','Semester 1',1,'2025-12-20 15:23:29','[{\"label\": \"Term 1 FA\", \"score\": 17.3, \"maxScore\": 20}]','[]',NULL,NULL),(624,3,10,1,'2025/2026','Semester 1',1,'2025-12-20 15:23:29','[{\"label\": \"Term 1 FA\", \"score\": 16.9, \"maxScore\": 20}]','[]',NULL,NULL),(625,3,11,1,'2025/2026','Semester 1',1,'2025-12-20 15:23:30','[{\"label\": \"Term 1 FA\", \"score\": 15.5, \"maxScore\": 20}]','[]',NULL,NULL),(626,3,5,1,'2025/2026','Semester 1',1,'2025-12-20 15:23:31','[{\"label\": \"Term 1 FA\", \"score\": 18.8, \"maxScore\": 20}]','[]',NULL,NULL),(627,3,3,1,'2025/2026','Semester 1',1,'2025-12-20 15:23:31','[{\"label\": \"Term 1 FA\", \"score\": 14.8, \"maxScore\": 20}]','[]',NULL,NULL),(628,3,13,1,'2025/2026','Semester 1',1,'2025-12-20 15:23:32','[{\"label\": \"Term 1 FA\", \"score\": 17, \"maxScore\": 20}]','[]',NULL,NULL),(629,3,15,1,'2025/2026','Semester 1',1,'2025-12-20 15:23:33','[{\"label\": \"Term 1 FA\", \"score\": 11.65, \"maxScore\": 20}]','[]',NULL,NULL),(630,3,18,1,'2025/2026','Semester 1',1,'2025-12-20 15:23:34','[{\"label\": \"Term 1 FA\", \"score\": 18, \"maxScore\": 20}]','[]',NULL,NULL),(631,3,12,1,'2025/2026','Semester 1',1,'2025-12-20 15:23:35','[{\"label\": \"Term 1 FA\", \"score\": 13.6, \"maxScore\": 20}]','[]',NULL,NULL),(632,3,16,1,'2025/2026','Semester 1',1,'2025-12-20 15:23:35','[{\"label\": \"Term 1 FA\", \"score\": 15.5, \"maxScore\": 20}]','[]',NULL,NULL),(633,3,19,1,'2025/2026','Semester 1',1,'2025-12-20 15:23:36','[{\"label\": \"Term 1 FA\", \"score\": 14, \"maxScore\": 20}]','[]',NULL,NULL),(634,4,14,1,'2025/2026','Semester 1',1,'2025-12-20 15:23:37','[{\"label\": \"Term 1 FA\", \"score\": 16, \"maxScore\": 20}]','[]',NULL,NULL),(635,4,1,1,'2025/2026','Semester 1',1,'2025-12-20 15:23:37','[{\"label\": \"Term 1 FA\", \"score\": 19, \"maxScore\": 20}]','[]',NULL,NULL),(636,4,2,1,'2025/2026','Semester 1',1,'2025-12-20 15:23:38','[{\"label\": \"Term 1 FA\", \"score\": 9.65, \"maxScore\": 20}]','[]',NULL,NULL),(637,4,4,1,'2025/2026','Semester 1',1,'2025-12-20 15:23:39','[{\"label\": \"Term 1 FA\", \"score\": 17.3, \"maxScore\": 20}]','[]',NULL,NULL),(638,4,6,1,'2025/2026','Semester 1',1,'2025-12-20 15:23:40','[{\"label\": \"Term 1 FA\", \"score\": 18.3, \"maxScore\": 20}]','[]',NULL,NULL),(639,4,7,1,'2025/2026','Semester 1',1,'2025-12-20 15:23:40','[{\"label\": \"Term 1 FA\", \"score\": 18, \"maxScore\": 20}]','[]',NULL,NULL),(640,4,9,1,'2025/2026','Semester 1',1,'2025-12-20 15:23:41','[{\"label\": \"Term 1 FA\", \"score\": 17.15, \"maxScore\": 20}]','[]',NULL,NULL),(641,4,10,1,'2025/2026','Semester 1',1,'2025-12-20 15:23:42','[{\"label\": \"Term 1 FA\", \"score\": 15, \"maxScore\": 20}]','[]',NULL,NULL),(642,4,11,1,'2025/2026','Semester 1',1,'2025-12-20 15:23:43','[{\"label\": \"Term 1 FA\", \"score\": 16.5, \"maxScore\": 20}]','[]',NULL,NULL),(643,4,5,1,'2025/2026','Semester 1',1,'2025-12-20 15:23:43','[{\"label\": \"Term 1 FA\", \"score\": 20, \"maxScore\": 20}]','[]',NULL,NULL),(644,4,3,1,'2025/2026','Semester 1',1,'2025-12-20 15:23:44','[{\"label\": \"Term 1 FA\", \"score\": 18, \"maxScore\": 20}]','[]',NULL,NULL),(645,4,13,1,'2025/2026','Semester 1',1,'2025-12-20 15:23:45','[{\"label\": \"Term 1 FA\", \"score\": 18, \"maxScore\": 20}]','[]',NULL,NULL),(646,4,15,1,'2025/2026','Semester 1',1,'2025-12-20 15:23:46','[{\"label\": \"Term 1 FA\", \"score\": 18.65, \"maxScore\": 20}]','[]',NULL,NULL),(647,4,18,1,'2025/2026','Semester 1',1,'2025-12-20 15:23:47','[{\"label\": \"Term 1 FA\", \"score\": 17, \"maxScore\": 20}]','[]',NULL,NULL),(648,4,12,1,'2025/2026','Semester 1',1,'2025-12-20 15:23:48','[{\"label\": \"Term 1 FA\", \"score\": 16.8, \"maxScore\": 20}]','[]',NULL,NULL),(649,4,16,1,'2025/2026','Semester 1',1,'2025-12-20 15:23:49','[{\"label\": \"Term 1 FA\", \"score\": 15, \"maxScore\": 20}]','[]',NULL,NULL),(650,4,19,1,'2025/2026','Semester 1',1,'2025-12-20 15:23:50','[{\"label\": \"Term 1 FA\", \"score\": 14.5, \"maxScore\": 20}]','[]',NULL,NULL),(651,5,14,1,'2025/2026','Semester 1',1,'2025-12-20 15:23:50','[{\"label\": \"Term 1 FA\", \"score\": 14.3, \"maxScore\": 20}]','[]',NULL,NULL),(652,5,1,1,'2025/2026','Semester 1',1,'2025-12-20 15:23:51','[{\"label\": \"Term 1 FA\", \"score\": 9.5, \"maxScore\": 20}]','[]',NULL,NULL),(653,5,2,1,'2025/2026','Semester 1',1,'2025-12-20 15:23:52','[{\"label\": \"Term 1 FA\", \"score\": 16.65, \"maxScore\": 20}]','[]',NULL,NULL),(654,5,4,1,'2025/2026','Semester 1',1,'2025-12-20 15:23:53','[{\"label\": \"Term 1 FA\", \"score\": 15.4, \"maxScore\": 20}]','[]',NULL,NULL),(655,5,6,1,'2025/2026','Semester 1',1,'2025-12-20 15:23:54','[{\"label\": \"Term 1 FA\", \"score\": 18.7, \"maxScore\": 20}]','[]',NULL,NULL),(656,5,7,1,'2025/2026','Semester 1',1,'2025-12-20 15:23:55','[{\"label\": \"Term 1 FA\", \"score\": 18, \"maxScore\": 20}]','[]',NULL,NULL),(657,5,9,1,'2025/2026','Semester 1',1,'2025-12-20 15:23:55','[{\"label\": \"Term 1 FA\", \"score\": 16.25, \"maxScore\": 20}]','[]',NULL,NULL),(658,5,10,1,'2025/2026','Semester 1',1,'2025-12-20 15:23:56','[{\"label\": \"Term 1 FA\", \"score\": 13.5, \"maxScore\": 20}]','[]',NULL,NULL),(659,5,11,1,'2025/2026','Semester 1',1,'2025-12-20 15:23:57','[{\"label\": \"Term 1 FA\", \"score\": 13.3, \"maxScore\": 20}]','[]',NULL,NULL),(660,5,5,1,'2025/2026','Semester 1',1,'2025-12-20 15:23:57','[{\"label\": \"Term 1 FA\", \"score\": 18.8, \"maxScore\": 20}]','[]',NULL,NULL),(661,5,3,1,'2025/2026','Semester 1',1,'2025-12-20 15:23:58','[{\"label\": \"Term 1 FA\", \"score\": 14.2, \"maxScore\": 20}]','[]',NULL,NULL),(662,5,13,1,'2025/2026','Semester 1',1,'2025-12-20 15:23:59','[{\"label\": \"Term 1 FA\", \"score\": 20, \"maxScore\": 20}]','[]',NULL,NULL),(663,5,15,1,'2025/2026','Semester 1',1,'2025-12-20 15:24:00','[{\"label\": \"Term 1 FA\", \"score\": 16, \"maxScore\": 20}]','[]',NULL,NULL),(664,5,18,1,'2025/2026','Semester 1',1,'2025-12-20 15:24:01','[{\"label\": \"Term 1 FA\", \"score\": 16, \"maxScore\": 20}]','[]',NULL,NULL),(665,5,12,1,'2025/2026','Semester 1',1,'2025-12-20 15:24:02','[{\"label\": \"Term 1 FA\", \"score\": 19, \"maxScore\": 20}]','[]',NULL,NULL),(666,5,16,1,'2025/2026','Semester 1',1,'2025-12-20 15:24:03','[{\"label\": \"Term 1 FA\", \"score\": 15.5, \"maxScore\": 20}]','[]',NULL,NULL),(667,5,19,1,'2025/2026','Semester 1',1,'2025-12-20 15:24:04','[{\"label\": \"Term 1 FA\", \"score\": 16, \"maxScore\": 20}]','[]',NULL,NULL),(668,6,14,1,'2025/2026','Semester 1',1,'2025-12-20 15:24:04','[{\"label\": \"Term 1 FA\", \"score\": 4.65, \"maxScore\": 20}]','[]',NULL,NULL),(669,6,1,1,'2025/2026','Semester 1',1,'2025-12-20 15:24:05','[{\"label\": \"Term 1 FA\", \"score\": 8.25, \"maxScore\": 20}]','[]',NULL,NULL),(670,6,2,1,'2025/2026','Semester 1',1,'2025-12-20 15:24:06','[{\"label\": \"Term 1 FA\", \"score\": 7.35, \"maxScore\": 20}]','[]',NULL,NULL),(671,6,4,1,'2025/2026','Semester 1',1,'2025-12-20 15:24:07','[{\"label\": \"Term 1 FA\", \"score\": 9.2, \"maxScore\": 20}]','[]',NULL,NULL),(672,6,6,1,'2025/2026','Semester 1',1,'2025-12-20 15:24:07','[{\"label\": \"Term 1 FA\", \"score\": 12.9, \"maxScore\": 20}]','[]',NULL,NULL),(673,6,7,1,'2025/2026','Semester 1',1,'2025-12-20 15:24:08','[{\"label\": \"Term 1 FA\", \"score\": 13.5, \"maxScore\": 20}]','[]',NULL,NULL),(674,6,9,1,'2025/2026','Semester 1',1,'2025-12-20 15:24:09','[{\"label\": \"Term 1 FA\", \"score\": 15.75, \"maxScore\": 20}]','[]',NULL,NULL),(675,6,10,1,'2025/2026','Semester 1',1,'2025-12-20 15:24:10','[{\"label\": \"Term 1 FA\", \"score\": 2.9, \"maxScore\": 20}]','[]',NULL,NULL),(676,6,11,1,'2025/2026','Semester 1',1,'2025-12-20 15:24:10','[{\"label\": \"Term 1 FA\", \"score\": 10.5, \"maxScore\": 20}]','[]',NULL,NULL),(677,6,5,1,'2025/2026','Semester 1',1,'2025-12-20 15:24:11','[{\"label\": \"Term 1 FA\", \"score\": 4.8, \"maxScore\": 20}]','[]',NULL,NULL),(678,6,3,1,'2025/2026','Semester 1',1,'2025-12-20 15:24:12','[{\"label\": \"Term 1 FA\", \"score\": 0, \"maxScore\": 20}]','[]',NULL,NULL),(679,6,13,1,'2025/2026','Semester 1',1,'2025-12-20 15:24:13','[{\"label\": \"Term 1 FA\", \"score\": 10, \"maxScore\": 20}]','[]',NULL,NULL),(680,6,15,1,'2025/2026','Semester 1',1,'2025-12-20 15:24:14','[{\"label\": \"Term 1 FA\", \"score\": 0.5, \"maxScore\": 20}]','[]',NULL,NULL),(681,6,18,1,'2025/2026','Semester 1',1,'2025-12-20 15:24:14','[{\"label\": \"Term 1 FA\", \"score\": 9, \"maxScore\": 20}]','[]',NULL,NULL),(682,6,12,1,'2025/2026','Semester 1',1,'2025-12-20 15:24:15','[{\"label\": \"Term 1 FA\", \"score\": 7.5, \"maxScore\": 20}]','[]',NULL,NULL),(683,6,16,1,'2025/2026','Semester 1',1,'2025-12-20 15:24:16','[{\"label\": \"Term 1 FA\", \"score\": 8.5, \"maxScore\": 20}]','[]',NULL,NULL),(684,6,19,1,'2025/2026','Semester 1',1,'2025-12-20 15:24:16','[{\"label\": \"Term 1 FA\", \"score\": 8.5, \"maxScore\": 20}]','[]',NULL,NULL),(685,7,14,1,'2025/2026','Semester 1',1,'2025-12-20 15:24:17','[{\"label\": \"Term 1 FA\", \"score\": 13, \"maxScore\": 20}]','[]',NULL,NULL),(686,7,1,1,'2025/2026','Semester 1',1,'2025-12-20 15:24:18','[{\"label\": \"Term 1 FA\", \"score\": 20, \"maxScore\": 20}]','[]',NULL,NULL),(687,7,2,1,'2025/2026','Semester 1',1,'2025-12-20 15:24:18','[{\"label\": \"Term 1 FA\", \"score\": 13.55, \"maxScore\": 20}]','[]',NULL,NULL),(688,7,4,1,'2025/2026','Semester 1',1,'2025-12-20 15:24:19','[{\"label\": \"Term 1 FA\", \"score\": 14.7, \"maxScore\": 20}]','[]',NULL,NULL),(689,7,6,1,'2025/2026','Semester 1',1,'2025-12-20 15:24:20','[{\"label\": \"Term 1 FA\", \"score\": 19.6, \"maxScore\": 20}]','[]',NULL,NULL),(690,7,7,1,'2025/2026','Semester 1',1,'2025-12-20 15:24:21','[{\"label\": \"Term 1 FA\", \"score\": 18, \"maxScore\": 20}]','[]',NULL,NULL),(691,7,9,1,'2025/2026','Semester 1',1,'2025-12-20 15:24:21','[{\"label\": \"Term 1 FA\", \"score\": 15.75, \"maxScore\": 20}]','[]',NULL,NULL),(692,7,10,1,'2025/2026','Semester 1',1,'2025-12-20 15:24:22','[{\"label\": \"Term 1 FA\", \"score\": 13.3, \"maxScore\": 20}]','[]',NULL,NULL),(693,7,11,1,'2025/2026','Semester 1',1,'2025-12-20 15:24:23','[{\"label\": \"Term 1 FA\", \"score\": 17, \"maxScore\": 20}]','[]',NULL,NULL),(694,7,5,1,'2025/2026','Semester 1',1,'2025-12-20 15:24:24','[{\"label\": \"Term 1 FA\", \"score\": 16.8, \"maxScore\": 20}]','[]',NULL,NULL),(695,7,3,1,'2025/2026','Semester 1',1,'2025-12-20 15:24:25','[{\"label\": \"Term 1 FA\", \"score\": 16.4, \"maxScore\": 20}]','[]',NULL,NULL),(696,7,13,1,'2025/2026','Semester 1',1,'2025-12-20 15:24:25','[{\"label\": \"Term 1 FA\", \"score\": 17.5, \"maxScore\": 20}]','[]',NULL,NULL),(697,7,15,1,'2025/2026','Semester 1',1,'2025-12-20 15:24:27','[{\"label\": \"Term 1 FA\", \"score\": 15.65, \"maxScore\": 20}]','[]',NULL,NULL),(698,7,18,1,'2025/2026','Semester 1',1,'2025-12-20 15:24:27','[{\"label\": \"Term 1 FA\", \"score\": 16.5, \"maxScore\": 20}]','[]',NULL,NULL),(699,7,12,1,'2025/2026','Semester 1',1,'2025-12-20 15:24:28','[{\"label\": \"Term 1 FA\", \"score\": 19.2, \"maxScore\": 20}]','[]',NULL,NULL),(700,7,16,1,'2025/2026','Semester 1',1,'2025-12-20 15:24:29','[{\"label\": \"Term 1 FA\", \"score\": 15, \"maxScore\": 20}]','[]',NULL,NULL),(701,7,19,1,'2025/2026','Semester 1',1,'2025-12-20 15:24:30','[{\"label\": \"Term 1 FA\", \"score\": 13.5, \"maxScore\": 20}]','[]',NULL,NULL),(702,8,14,1,'2025/2026','Semester 1',1,'2025-12-20 15:24:30','[{\"label\": \"Term 1 FA\", \"score\": 7.9, \"maxScore\": 20}]','[]',NULL,NULL),(703,8,1,1,'2025/2026','Semester 1',1,'2025-12-20 15:24:31','[{\"label\": \"Term 1 FA\", \"score\": 15.5, \"maxScore\": 20}]','[]',NULL,NULL),(704,8,2,1,'2025/2026','Semester 1',1,'2025-12-20 15:24:32','[{\"label\": \"Term 1 FA\", \"score\": 19, \"maxScore\": 20}]','[]',NULL,NULL),(705,8,4,1,'2025/2026','Semester 1',1,'2025-12-20 15:24:33','[{\"label\": \"Term 1 FA\", \"score\": 15.2, \"maxScore\": 20}]','[]',NULL,NULL),(706,8,6,1,'2025/2026','Semester 1',1,'2025-12-20 15:24:33','[{\"label\": \"Term 1 FA\", \"score\": 18.9, \"maxScore\": 20}]','[]',NULL,NULL),(707,8,7,1,'2025/2026','Semester 1',1,'2025-12-20 15:24:34','[{\"label\": \"Term 1 FA\", \"score\": 19, \"maxScore\": 20}]','[]',NULL,NULL),(708,8,9,1,'2025/2026','Semester 1',1,'2025-12-20 15:24:35','[{\"label\": \"Term 1 FA\", \"score\": 17.25, \"maxScore\": 20}]','[]',NULL,NULL),(709,8,10,1,'2025/2026','Semester 1',1,'2025-12-20 15:24:36','[{\"label\": \"Term 1 FA\", \"score\": 8.1, \"maxScore\": 20}]','[]',NULL,NULL),(710,8,11,1,'2025/2026','Semester 1',1,'2025-12-20 15:24:36','[{\"label\": \"Term 1 FA\", \"score\": 15.9, \"maxScore\": 20}]','[]',NULL,NULL),(711,8,5,1,'2025/2026','Semester 1',1,'2025-12-20 15:24:37','[{\"label\": \"Term 1 FA\", \"score\": 18.4, \"maxScore\": 20}]','[]',NULL,NULL),(712,8,3,1,'2025/2026','Semester 1',1,'2025-12-20 15:24:38','[{\"label\": \"Term 1 FA\", \"score\": 15.2, \"maxScore\": 20}]','[]',NULL,NULL),(713,8,13,1,'2025/2026','Semester 1',1,'2025-12-20 15:24:38','[{\"label\": \"Term 1 FA\", \"score\": 14, \"maxScore\": 20}]','[]',NULL,NULL),(714,8,15,1,'2025/2026','Semester 1',1,'2025-12-20 15:24:40','[{\"label\": \"Term 1 FA\", \"score\": 18.15, \"maxScore\": 20}]','[]',NULL,NULL),(715,8,18,1,'2025/2026','Semester 1',1,'2025-12-20 15:24:41','[{\"label\": \"Term 1 FA\", \"score\": 13.5, \"maxScore\": 20}]','[]',NULL,NULL),(716,8,12,1,'2025/2026','Semester 1',1,'2025-12-20 15:24:41','[{\"label\": \"Term 1 FA\", \"score\": 14, \"maxScore\": 20}]','[]',NULL,NULL),(717,8,16,1,'2025/2026','Semester 1',1,'2025-12-20 15:24:42','[{\"label\": \"Term 1 FA\", \"score\": 13.5, \"maxScore\": 20}]','[]',NULL,NULL),(718,8,19,1,'2025/2026','Semester 1',1,'2025-12-20 15:24:43','[{\"label\": \"Term 1 FA\", \"score\": 14, \"maxScore\": 20}]','[]',NULL,NULL),(719,9,14,1,'2025/2026','Semester 1',1,'2025-12-20 15:24:43','[{\"label\": \"Term 1 FA\", \"score\": 13.35, \"maxScore\": 20}]','[]',NULL,NULL),(720,9,1,1,'2025/2026','Semester 1',1,'2025-12-20 15:24:44','[{\"label\": \"Term 1 FA\", \"score\": 14.25, \"maxScore\": 20}]','[]',NULL,NULL),(721,9,2,1,'2025/2026','Semester 1',1,'2025-12-20 15:24:45','[{\"label\": \"Term 1 FA\", \"score\": 17.5, \"maxScore\": 20}]','[]',NULL,NULL),(722,9,4,1,'2025/2026','Semester 1',1,'2025-12-20 15:24:46','[{\"label\": \"Term 1 FA\", \"score\": 15.9, \"maxScore\": 20}]','[]',NULL,NULL),(723,9,6,1,'2025/2026','Semester 1',1,'2025-12-20 15:24:47','[{\"label\": \"Term 1 FA\", \"score\": 16.8, \"maxScore\": 20}]','[]',NULL,NULL),(724,9,7,1,'2025/2026','Semester 1',1,'2025-12-20 15:24:47','[{\"label\": \"Term 1 FA\", \"score\": 16, \"maxScore\": 20}]','[]',NULL,NULL),(725,9,9,1,'2025/2026','Semester 1',1,'2025-12-20 15:24:48','[{\"label\": \"Term 1 FA\", \"score\": 15.25, \"maxScore\": 20}]','[]',NULL,NULL),(726,9,10,1,'2025/2026','Semester 1',1,'2025-12-20 15:24:49','[{\"label\": \"Term 1 FA\", \"score\": 18.2, \"maxScore\": 20}]','[]',NULL,NULL),(727,9,11,1,'2025/2026','Semester 1',1,'2025-12-20 15:24:49','[{\"label\": \"Term 1 FA\", \"score\": 15.9, \"maxScore\": 20}]','[]',NULL,NULL),(728,9,5,1,'2025/2026','Semester 1',1,'2025-12-20 15:24:50','[{\"label\": \"Term 1 FA\", \"score\": 20, \"maxScore\": 20}]','[]',NULL,NULL),(729,9,3,1,'2025/2026','Semester 1',1,'2025-12-20 15:24:51','[{\"label\": \"Term 1 FA\", \"score\": 15.8, \"maxScore\": 20}]','[]',NULL,NULL),(730,9,13,1,'2025/2026','Semester 1',1,'2025-12-20 15:24:52','[{\"label\": \"Term 1 FA\", \"score\": 17, \"maxScore\": 20}]','[]',NULL,NULL),(731,9,15,1,'2025/2026','Semester 1',1,'2025-12-20 15:24:53','[{\"label\": \"Term 1 FA\", \"score\": 16.85, \"maxScore\": 20}]','[]',NULL,NULL),(732,9,18,1,'2025/2026','Semester 1',1,'2025-12-20 15:24:54','[{\"label\": \"Term 1 FA\", \"score\": 12, \"maxScore\": 20}]','[]',NULL,NULL),(733,9,12,1,'2025/2026','Semester 1',1,'2025-12-20 15:24:54','[{\"label\": \"Term 1 FA\", \"score\": 15.6, \"maxScore\": 20}]','[]',NULL,NULL),(734,9,16,1,'2025/2026','Semester 1',1,'2025-12-20 15:24:55','[{\"label\": \"Term 1 FA\", \"score\": 13, \"maxScore\": 20}]','[]',NULL,NULL),(735,9,19,1,'2025/2026','Semester 1',1,'2025-12-20 15:24:56','[{\"label\": \"Term 1 FA\", \"score\": 13.5, \"maxScore\": 20}]','[]',NULL,NULL),(736,10,14,1,'2025/2026','Semester 1',1,'2025-12-20 15:24:57','[{\"label\": \"Term 1 FA\", \"score\": 3.4, \"maxScore\": 20}]','[]',NULL,NULL),(737,10,1,1,'2025/2026','Semester 1',1,'2025-12-20 15:24:58','[{\"label\": \"Term 1 FA\", \"score\": 16.75, \"maxScore\": 20}]','[]',NULL,NULL),(738,10,2,1,'2025/2026','Semester 1',1,'2025-12-20 15:24:58','[{\"label\": \"Term 1 FA\", \"score\": 15.65, \"maxScore\": 20}]','[]',NULL,NULL),(739,10,4,1,'2025/2026','Semester 1',1,'2025-12-20 15:24:59','[{\"label\": \"Term 1 FA\", \"score\": 8.1, \"maxScore\": 20}]','[]',NULL,NULL),(740,10,6,1,'2025/2026','Semester 1',1,'2025-12-20 15:25:00','[{\"label\": \"Term 1 FA\", \"score\": 13.6, \"maxScore\": 20}]','[]',NULL,NULL),(741,10,7,1,'2025/2026','Semester 1',1,'2025-12-20 15:25:01','[{\"label\": \"Term 1 FA\", \"score\": 14, \"maxScore\": 20}]','[]',NULL,NULL),(742,10,9,1,'2025/2026','Semester 1',1,'2025-12-20 15:25:02','[{\"label\": \"Term 1 FA\", \"score\": 15.4, \"maxScore\": 20}]','[]',NULL,NULL),(743,10,10,1,'2025/2026','Semester 1',1,'2025-12-20 15:25:02','[{\"label\": \"Term 1 FA\", \"score\": 6, \"maxScore\": 20}]','[]',NULL,NULL),(744,10,11,1,'2025/2026','Semester 1',1,'2025-12-20 15:25:03','[{\"label\": \"Term 1 FA\", \"score\": 11.4, \"maxScore\": 20}]','[]',NULL,NULL),(745,10,5,1,'2025/2026','Semester 1',1,'2025-12-20 15:25:04','[{\"label\": \"Term 1 FA\", \"score\": 12, \"maxScore\": 20}]','[]',NULL,NULL),(746,10,3,1,'2025/2026','Semester 1',1,'2025-12-20 15:25:05','[{\"label\": \"Term 1 FA\", \"score\": 0, \"maxScore\": 20}]','[]',NULL,NULL),(747,10,13,1,'2025/2026','Semester 1',1,'2025-12-20 15:25:06','[{\"label\": \"Term 1 FA\", \"score\": 14, \"maxScore\": 20}]','[]',NULL,NULL),(748,10,15,1,'2025/2026','Semester 1',1,'2025-12-20 15:25:07','[{\"label\": \"Term 1 FA\", \"score\": 16.5, \"maxScore\": 20}]','[]',NULL,NULL),(749,10,18,1,'2025/2026','Semester 1',1,'2025-12-20 15:25:08','[{\"label\": \"Term 1 FA\", \"score\": 13, \"maxScore\": 20}]','[]',NULL,NULL),(750,10,12,1,'2025/2026','Semester 1',1,'2025-12-20 15:25:09','[{\"label\": \"Term 1 FA\", \"score\": 9.6, \"maxScore\": 20}]','[]',NULL,NULL),(751,10,16,1,'2025/2026','Semester 1',1,'2025-12-20 15:25:09','[{\"label\": \"Term 1 FA\", \"score\": 11.5, \"maxScore\": 20}]','[]',NULL,NULL),(752,10,19,1,'2025/2026','Semester 1',1,'2025-12-20 15:25:10','[{\"label\": \"Term 1 FA\", \"score\": 13, \"maxScore\": 20}]','[]',NULL,NULL),(753,29,14,1,'2025/2026','Semester 1',1,'2025-12-20 15:25:11','[{\"label\": \"Term 1 FA\", \"score\": 6.15, \"maxScore\": 20}]','[]',NULL,NULL),(754,29,1,1,'2025/2026','Semester 1',1,'2025-12-20 15:25:11','[{\"label\": \"Term 1 FA\", \"score\": 20, \"maxScore\": 20}]','[]',NULL,NULL),(755,29,2,1,'2025/2026','Semester 1',1,'2025-12-20 15:25:12','[{\"label\": \"Term 1 FA\", \"score\": 18.95, \"maxScore\": 20}]','[]',NULL,NULL),(756,29,4,1,'2025/2026','Semester 1',1,'2025-12-20 15:25:13','[{\"label\": \"Term 1 FA\", \"score\": 18.6, \"maxScore\": 20}]','[]',NULL,NULL),(757,29,6,1,'2025/2026','Semester 1',1,'2025-12-20 15:25:14','[{\"label\": \"Term 1 FA\", \"score\": 20, \"maxScore\": 20}]','[]',NULL,NULL),(758,29,7,1,'2025/2026','Semester 1',1,'2025-12-20 15:25:15','[{\"label\": \"Term 1 FA\", \"score\": 19, \"maxScore\": 20}]','[]',NULL,NULL),(759,29,9,1,'2025/2026','Semester 1',1,'2025-12-20 15:25:16','[{\"label\": \"Term 1 FA\", \"score\": 18, \"maxScore\": 20}]','[]',NULL,NULL),(760,29,10,1,'2025/2026','Semester 1',1,'2025-12-20 15:25:16','[{\"label\": \"Term 1 FA\", \"score\": 19.7, \"maxScore\": 20}]','[]',NULL,NULL),(761,29,11,1,'2025/2026','Semester 1',1,'2025-12-20 15:25:17','[{\"label\": \"Term 1 FA\", \"score\": 18.2, \"maxScore\": 20}]','[]',NULL,NULL),(762,29,5,1,'2025/2026','Semester 1',1,'2025-12-20 15:25:18','[{\"label\": \"Term 1 FA\", \"score\": 20, \"maxScore\": 20}]','[]',NULL,NULL),(763,29,3,1,'2025/2026','Semester 1',1,'2025-12-20 15:25:19','[{\"label\": \"Term 1 FA\", \"score\": 18.6, \"maxScore\": 20}]','[]',NULL,NULL),(764,29,13,1,'2025/2026','Semester 1',1,'2025-12-20 15:25:20','[{\"label\": \"Term 1 FA\", \"score\": 14, \"maxScore\": 20}]','[]',NULL,NULL),(765,29,15,1,'2025/2026','Semester 1',1,'2025-12-20 15:25:21','[{\"label\": \"Term 1 FA\", \"score\": 19.65, \"maxScore\": 20}]','[]',NULL,NULL),(766,29,18,1,'2025/2026','Semester 1',1,'2025-12-20 15:25:21','[{\"label\": \"Term 1 FA\", \"score\": 16, \"maxScore\": 20}]','[]',NULL,NULL),(767,29,12,1,'2025/2026','Semester 1',1,'2025-12-20 15:25:22','[{\"label\": \"Term 1 FA\", \"score\": 19.6, \"maxScore\": 20}]','[]',NULL,NULL),(768,29,16,1,'2025/2026','Semester 1',1,'2025-12-20 15:25:23','[{\"label\": \"Term 1 FA\", \"score\": 15, \"maxScore\": 20}]','[]',NULL,NULL),(769,29,19,1,'2025/2026','Semester 1',1,'2025-12-20 15:25:24','[{\"label\": \"Term 1 FA\", \"score\": 17.5, \"maxScore\": 20}]','[]',NULL,NULL),(770,30,14,1,'2025/2026','Semester 1',1,'2025-12-20 15:25:25','[{\"label\": \"Term 1 FA\", \"score\": 14.2, \"maxScore\": 20}]','[]',NULL,NULL),(771,30,1,1,'2025/2026','Semester 1',1,'2025-12-20 15:25:26','[{\"label\": \"Term 1 FA\", \"score\": 14.5, \"maxScore\": 20}]','[]',NULL,NULL),(772,30,2,1,'2025/2026','Semester 1',1,'2025-12-20 15:25:27','[{\"label\": \"Term 1 FA\", \"score\": 18.25, \"maxScore\": 20}]','[]',NULL,NULL),(773,30,4,1,'2025/2026','Semester 1',1,'2025-12-20 15:25:28','[{\"label\": \"Term 1 FA\", \"score\": 17.3, \"maxScore\": 20}]','[]',NULL,NULL),(774,30,6,1,'2025/2026','Semester 1',1,'2025-12-20 15:25:29','[{\"label\": \"Term 1 FA\", \"score\": 17.3, \"maxScore\": 20}]','[]',NULL,NULL),(775,30,7,1,'2025/2026','Semester 1',1,'2025-12-20 15:25:29','[{\"label\": \"Term 1 FA\", \"score\": 18.5, \"maxScore\": 20}]','[]',NULL,NULL),(776,30,9,1,'2025/2026','Semester 1',1,'2025-12-20 15:25:30','[{\"label\": \"Term 1 FA\", \"score\": 14.85, \"maxScore\": 20}]','[]',NULL,NULL),(777,30,10,1,'2025/2026','Semester 1',1,'2025-12-20 15:25:31','[{\"label\": \"Term 1 FA\", \"score\": 14.45, \"maxScore\": 20}]','[]',NULL,NULL),(778,30,11,1,'2025/2026','Semester 1',1,'2025-12-20 15:25:31','[{\"label\": \"Term 1 FA\", \"score\": 15.1, \"maxScore\": 20}]','[]',NULL,NULL),(779,30,5,1,'2025/2026','Semester 1',1,'2025-12-20 15:25:32','[{\"label\": \"Term 1 FA\", \"score\": 17.6, \"maxScore\": 20}]','[]',NULL,NULL),(780,30,3,1,'2025/2026','Semester 1',1,'2025-12-20 15:25:33','[{\"label\": \"Term 1 FA\", \"score\": 15, \"maxScore\": 20}]','[]',NULL,NULL),(781,30,13,1,'2025/2026','Semester 1',1,'2025-12-20 15:25:34','[{\"label\": \"Term 1 FA\", \"score\": 16.5, \"maxScore\": 20}]','[]',NULL,NULL),(782,30,15,1,'2025/2026','Semester 1',1,'2025-12-20 15:25:36','[{\"label\": \"Term 1 FA\", \"score\": 17.85, \"maxScore\": 20}]','[]',NULL,NULL),(783,30,18,1,'2025/2026','Semester 1',1,'2025-12-20 15:25:37','[{\"label\": \"Term 1 FA\", \"score\": 15.5, \"maxScore\": 20}]','[]',NULL,NULL),(784,30,12,1,'2025/2026','Semester 1',1,'2025-12-20 15:25:37','[{\"label\": \"Term 1 FA\", \"score\": 16.4, \"maxScore\": 20}]','[]',NULL,NULL),(785,30,16,1,'2025/2026','Semester 1',1,'2025-12-20 15:25:38','[{\"label\": \"Term 1 FA\", \"score\": 14.5, \"maxScore\": 20}]','[]',NULL,NULL),(786,30,19,1,'2025/2026','Semester 1',1,'2025-12-20 15:25:39','[{\"label\": \"Term 1 FA\", \"score\": 15.5, \"maxScore\": 20}]','[]',NULL,NULL),(787,31,14,1,'2025/2026','Semester 1',1,'2025-12-20 15:25:40','[{\"label\": \"Term 1 FA\", \"score\": 12.35, \"maxScore\": 20}]','[]',NULL,NULL),(788,31,1,1,'2025/2026','Semester 1',1,'2025-12-20 15:25:41','[{\"label\": \"Term 1 FA\", \"score\": 16, \"maxScore\": 20}]','[]',NULL,NULL),(789,31,2,1,'2025/2026','Semester 1',1,'2025-12-20 15:25:42','[{\"label\": \"Term 1 FA\", \"score\": 6.3, \"maxScore\": 20}]','[]',NULL,NULL),(790,31,4,1,'2025/2026','Semester 1',1,'2025-12-20 15:25:43','[{\"label\": \"Term 1 FA\", \"score\": 19, \"maxScore\": 20}]','[]',NULL,NULL),(791,31,6,1,'2025/2026','Semester 1',1,'2025-12-20 15:25:44','[{\"label\": \"Term 1 FA\", \"score\": 16.9, \"maxScore\": 20}]','[]',NULL,NULL),(792,31,7,1,'2025/2026','Semester 1',1,'2025-12-20 15:25:44','[{\"label\": \"Term 1 FA\", \"score\": 18.5, \"maxScore\": 20}]','[]',NULL,NULL),(793,31,9,1,'2025/2026','Semester 1',1,'2025-12-20 15:25:45','[{\"label\": \"Term 1 FA\", \"score\": 7.5, \"maxScore\": 20}]','[]',NULL,NULL),(794,31,10,1,'2025/2026','Semester 1',1,'2025-12-20 15:25:46','[{\"label\": \"Term 1 FA\", \"score\": 12, \"maxScore\": 20}]','[]',NULL,NULL),(795,31,11,1,'2025/2026','Semester 1',1,'2025-12-20 15:25:47','[{\"label\": \"Term 1 FA\", \"score\": 17.6, \"maxScore\": 20}]','[]',NULL,NULL),(796,31,5,1,'2025/2026','Semester 1',1,'2025-12-20 15:25:47','[{\"label\": \"Term 1 FA\", \"score\": 20, \"maxScore\": 20}]','[]',NULL,NULL),(797,31,3,1,'2025/2026','Semester 1',1,'2025-12-20 15:25:49','[{\"label\": \"Term 1 FA\", \"score\": 17.8, \"maxScore\": 20}]','[]',NULL,NULL),(798,31,13,1,'2025/2026','Semester 1',1,'2025-12-20 15:25:50','[{\"label\": \"Term 1 FA\", \"score\": 19.5, \"maxScore\": 20}]','[]',NULL,NULL),(799,31,15,1,'2025/2026','Semester 1',1,'2025-12-20 15:25:51','[{\"label\": \"Term 1 FA\", \"score\": 18.85, \"maxScore\": 20}]','[]',NULL,NULL),(800,31,18,1,'2025/2026','Semester 1',1,'2025-12-20 15:25:52','[{\"label\": \"Term 1 FA\", \"score\": 16, \"maxScore\": 20}]','[]',NULL,NULL),(801,31,12,1,'2025/2026','Semester 1',1,'2025-12-20 15:25:52','[{\"label\": \"Term 1 FA\", \"score\": 15.6, \"maxScore\": 20}]','[]',NULL,NULL),(802,31,16,1,'2025/2026','Semester 1',1,'2025-12-20 15:25:53','[{\"label\": \"Term 1 FA\", \"score\": 15, \"maxScore\": 20}]','[]',NULL,NULL),(803,31,19,1,'2025/2026','Semester 1',1,'2025-12-20 15:25:54','[{\"label\": \"Term 1 FA\", \"score\": 19.5, \"maxScore\": 20}]','[]',NULL,NULL),(804,32,14,1,'2025/2026','Semester 1',1,'2025-12-20 15:25:55','[{\"label\": \"Term 1 FA\", \"score\": 7.9, \"maxScore\": 20}]','[]',NULL,NULL),(805,32,1,1,'2025/2026','Semester 1',1,'2025-12-20 15:25:56','[{\"label\": \"Term 1 FA\", \"score\": 13.5, \"maxScore\": 20}]','[]',NULL,NULL),(806,32,2,1,'2025/2026','Semester 1',1,'2025-12-20 15:25:57','[{\"label\": \"Term 1 FA\", \"score\": 12.05, \"maxScore\": 20}]','[]',NULL,NULL),(807,32,4,1,'2025/2026','Semester 1',1,'2025-12-20 15:25:58','[{\"label\": \"Term 1 FA\", \"score\": 15.1, \"maxScore\": 20}]','[]',NULL,NULL),(808,32,6,1,'2025/2026','Semester 1',1,'2025-12-20 15:25:59','[{\"label\": \"Term 1 FA\", \"score\": 12.6, \"maxScore\": 20}]','[]',NULL,NULL),(809,32,7,1,'2025/2026','Semester 1',1,'2025-12-20 15:26:00','[{\"label\": \"Term 1 FA\", \"score\": 16.5, \"maxScore\": 20}]','[]',NULL,NULL),(810,32,9,1,'2025/2026','Semester 1',1,'2025-12-20 15:26:00','[{\"label\": \"Term 1 FA\", \"score\": 11.35, \"maxScore\": 20}]','[]',NULL,NULL),(811,32,10,1,'2025/2026','Semester 1',1,'2025-12-20 15:26:02','[{\"label\": \"Term 1 FA\", \"score\": 7.8, \"maxScore\": 20}]','[]',NULL,NULL),(812,32,11,1,'2025/2026','Semester 1',1,'2025-12-20 15:26:03','[{\"label\": \"Term 1 FA\", \"score\": 10.8, \"maxScore\": 20}]','[]',NULL,NULL),(813,32,5,1,'2025/2026','Semester 1',1,'2025-12-20 15:26:04','[{\"label\": \"Term 1 FA\", \"score\": 16.4, \"maxScore\": 20}]','[]',NULL,NULL),(814,32,3,1,'2025/2026','Semester 1',1,'2025-12-20 15:26:05','[{\"label\": \"Term 1 FA\", \"score\": 5.4, \"maxScore\": 20}]','[]',NULL,NULL),(815,32,13,1,'2025/2026','Semester 1',1,'2025-12-20 15:26:05','[{\"label\": \"Term 1 FA\", \"score\": 15, \"maxScore\": 20}]','[]',NULL,NULL),(816,32,15,1,'2025/2026','Semester 1',1,'2025-12-20 15:26:07','[{\"label\": \"Term 1 FA\", \"score\": 11.15, \"maxScore\": 20}]','[]',NULL,NULL),(817,32,18,1,'2025/2026','Semester 1',1,'2025-12-20 15:26:08','[{\"label\": \"Term 1 FA\", \"score\": 12, \"maxScore\": 20}]','[]',NULL,NULL),(818,32,12,1,'2025/2026','Semester 1',1,'2025-12-20 15:26:09','[{\"label\": \"Term 1 FA\", \"score\": 8.6, \"maxScore\": 20}]','[]',NULL,NULL),(819,32,16,1,'2025/2026','Semester 1',1,'2025-12-20 15:26:09','[{\"label\": \"Term 1 FA\", \"score\": 14, \"maxScore\": 20}]','[]',NULL,NULL),(820,32,19,1,'2025/2026','Semester 1',1,'2025-12-20 15:26:10','[{\"label\": \"Term 1 FA\", \"score\": 13, \"maxScore\": 20}]','[]',NULL,NULL),(821,33,14,1,'2025/2026','Semester 1',1,'2025-12-20 15:26:11','[{\"label\": \"Term 1 FA\", \"score\": 17, \"maxScore\": 20}]','[]',NULL,NULL),(822,33,1,1,'2025/2026','Semester 1',1,'2025-12-20 15:26:11','[{\"label\": \"Term 1 FA\", \"score\": 17, \"maxScore\": 20}]','[]',NULL,NULL),(823,33,2,1,'2025/2026','Semester 1',1,'2025-12-20 15:26:12','[{\"label\": \"Term 1 FA\", \"score\": 18.35, \"maxScore\": 20}]','[]',NULL,NULL),(824,33,4,1,'2025/2026','Semester 1',1,'2025-12-20 15:26:13','[{\"label\": \"Term 1 FA\", \"score\": 16.2, \"maxScore\": 20}]','[]',NULL,NULL),(825,33,6,1,'2025/2026','Semester 1',1,'2025-12-20 15:26:14','[{\"label\": \"Term 1 FA\", \"score\": 17.8, \"maxScore\": 20}]','[]',NULL,NULL),(826,33,7,1,'2025/2026','Semester 1',1,'2025-12-20 15:26:15','[{\"label\": \"Term 1 FA\", \"score\": 19, \"maxScore\": 20}]','[]',NULL,NULL),(827,33,9,1,'2025/2026','Semester 1',1,'2025-12-20 15:26:17','[{\"label\": \"Term 1 FA\", \"score\": 16.55, \"maxScore\": 20}]','[]',NULL,NULL),(828,33,10,1,'2025/2026','Semester 1',1,'2025-12-20 15:26:17','[{\"label\": \"Term 1 FA\", \"score\": 11.5, \"maxScore\": 20}]','[]',NULL,NULL),(829,33,11,1,'2025/2026','Semester 1',1,'2025-12-20 15:26:18','[{\"label\": \"Term 1 FA\", \"score\": 15.2, \"maxScore\": 20}]','[]',NULL,NULL),(830,33,5,1,'2025/2026','Semester 1',1,'2025-12-20 15:26:19','[{\"label\": \"Term 1 FA\", \"score\": 16, \"maxScore\": 20}]','[]',NULL,NULL),(831,33,3,1,'2025/2026','Semester 1',1,'2025-12-20 15:26:20','[{\"label\": \"Term 1 FA\", \"score\": 15.8, \"maxScore\": 20}]','[]',NULL,NULL),(832,33,13,1,'2025/2026','Semester 1',1,'2025-12-20 15:26:21','[{\"label\": \"Term 1 FA\", \"score\": 18.5, \"maxScore\": 20}]','[]',NULL,NULL),(833,33,15,1,'2025/2026','Semester 1',1,'2025-12-20 15:26:22','[{\"label\": \"Term 1 FA\", \"score\": 14.65, \"maxScore\": 20}]','[]',NULL,NULL),(834,33,18,1,'2025/2026','Semester 1',1,'2025-12-20 15:26:23','[{\"label\": \"Term 1 FA\", \"score\": 15, \"maxScore\": 20}]','[]',NULL,NULL),(835,33,12,1,'2025/2026','Semester 1',1,'2025-12-20 15:26:24','[{\"label\": \"Term 1 FA\", \"score\": 9.6, \"maxScore\": 20}]','[]',NULL,NULL),(836,33,16,1,'2025/2026','Semester 1',1,'2025-12-20 15:26:25','[{\"label\": \"Term 1 FA\", \"score\": 13.5, \"maxScore\": 20}]','[]',NULL,NULL),(837,33,19,1,'2025/2026','Semester 1',1,'2025-12-20 15:26:26','[{\"label\": \"Term 1 FA\", \"score\": 15.5, \"maxScore\": 20}]','[]',NULL,NULL),(838,34,14,1,'2025/2026','Semester 1',1,'2025-12-20 15:26:27','[{\"label\": \"Term 1 FA\", \"score\": 13.5, \"maxScore\": 20}]','[]',NULL,NULL),(839,34,1,1,'2025/2026','Semester 1',1,'2025-12-20 15:26:28','[{\"label\": \"Term 1 FA\", \"score\": 13, \"maxScore\": 20}]','[]',NULL,NULL),(840,34,2,1,'2025/2026','Semester 1',1,'2025-12-20 15:26:29','[{\"label\": \"Term 1 FA\", \"score\": 14.75, \"maxScore\": 20}]','[]',NULL,NULL),(841,34,4,1,'2025/2026','Semester 1',1,'2025-12-20 15:26:30','[{\"label\": \"Term 1 FA\", \"score\": 16, \"maxScore\": 20}]','[]',NULL,NULL),(842,34,6,1,'2025/2026','Semester 1',1,'2025-12-20 15:26:31','[{\"label\": \"Term 1 FA\", \"score\": 11.7, \"maxScore\": 20}]','[]',NULL,NULL),(843,34,7,1,'2025/2026','Semester 1',1,'2025-12-20 15:26:32','[{\"label\": \"Term 1 FA\", \"score\": 17, \"maxScore\": 20}]','[]',NULL,NULL),(844,34,9,1,'2025/2026','Semester 1',1,'2025-12-20 15:26:33','[{\"label\": \"Term 1 FA\", \"score\": 15.3, \"maxScore\": 20}]','[]',NULL,NULL),(845,34,10,1,'2025/2026','Semester 1',1,'2025-12-20 15:26:33','[{\"label\": \"Term 1 FA\", \"score\": 10.9, \"maxScore\": 20}]','[]',NULL,NULL),(846,34,11,1,'2025/2026','Semester 1',1,'2025-12-20 15:26:34','[{\"label\": \"Term 1 FA\", \"score\": 11.5, \"maxScore\": 20}]','[]',NULL,NULL),(847,34,5,1,'2025/2026','Semester 1',1,'2025-12-20 15:26:35','[{\"label\": \"Term 1 FA\", \"score\": 16.4, \"maxScore\": 20}]','[]',NULL,NULL),(848,34,3,1,'2025/2026','Semester 1',1,'2025-12-20 15:26:36','[{\"label\": \"Term 1 FA\", \"score\": 14.2, \"maxScore\": 20}]','[]',NULL,NULL),(849,34,13,1,'2025/2026','Semester 1',1,'2025-12-20 15:26:36','[{\"label\": \"Term 1 FA\", \"score\": 13.5, \"maxScore\": 20}]','[]',NULL,NULL),(850,34,15,1,'2025/2026','Semester 1',1,'2025-12-20 15:26:38','[{\"label\": \"Term 1 FA\", \"score\": 14, \"maxScore\": 20}]','[]',NULL,NULL),(851,34,18,1,'2025/2026','Semester 1',1,'2025-12-20 15:26:39','[{\"label\": \"Term 1 FA\", \"score\": 15, \"maxScore\": 20}]','[]',NULL,NULL),(852,34,12,1,'2025/2026','Semester 1',1,'2025-12-20 15:26:39','[{\"label\": \"Term 1 FA\", \"score\": 14.4, \"maxScore\": 20}]','[]',NULL,NULL),(853,34,16,1,'2025/2026','Semester 1',1,'2025-12-20 15:26:40','[{\"label\": \"Term 1 FA\", \"score\": 15, \"maxScore\": 20}]','[]',NULL,NULL),(854,34,19,1,'2025/2026','Semester 1',1,'2025-12-20 15:26:40','[{\"label\": \"Term 1 FA\", \"score\": 12.5, \"maxScore\": 20}]','[]',NULL,NULL),(855,35,14,1,'2025/2026','Semester 1',1,'2025-12-20 15:26:41','[{\"label\": \"Term 1 FA\", \"score\": 16.3, \"maxScore\": 20}]','[]',NULL,NULL),(856,35,1,1,'2025/2026','Semester 1',1,'2025-12-20 15:26:42','[{\"label\": \"Term 1 FA\", \"score\": 17, \"maxScore\": 20}]','[]',NULL,NULL),(857,35,2,1,'2025/2026','Semester 1',1,'2025-12-20 15:26:43','[{\"label\": \"Term 1 FA\", \"score\": 15.05, \"maxScore\": 20}]','[]',NULL,NULL),(858,35,4,1,'2025/2026','Semester 1',1,'2025-12-20 15:26:44','[{\"label\": \"Term 1 FA\", \"score\": 16.8, \"maxScore\": 20}]','[]',NULL,NULL),(859,35,6,1,'2025/2026','Semester 1',1,'2025-12-20 15:26:45','[{\"label\": \"Term 1 FA\", \"score\": 15.8, \"maxScore\": 20}]','[]',NULL,NULL),(860,35,7,1,'2025/2026','Semester 1',1,'2025-12-20 15:26:46','[{\"label\": \"Term 1 FA\", \"score\": 18, \"maxScore\": 20}]','[]',NULL,NULL),(861,35,9,1,'2025/2026','Semester 1',1,'2025-12-20 15:26:47','[{\"label\": \"Term 1 FA\", \"score\": 16.2, \"maxScore\": 20}]','[]',NULL,NULL),(862,35,10,1,'2025/2026','Semester 1',1,'2025-12-20 15:26:48','[{\"label\": \"Term 1 FA\", \"score\": 9.1, \"maxScore\": 20}]','[]',NULL,NULL),(863,35,11,1,'2025/2026','Semester 1',1,'2025-12-20 15:26:49','[{\"label\": \"Term 1 FA\", \"score\": 14.9, \"maxScore\": 20}]','[]',NULL,NULL),(864,35,5,1,'2025/2026','Semester 1',1,'2025-12-20 15:26:50','[{\"label\": \"Term 1 FA\", \"score\": 18, \"maxScore\": 20}]','[]',NULL,NULL),(865,35,3,1,'2025/2026','Semester 1',1,'2025-12-20 15:26:50','[{\"label\": \"Term 1 FA\", \"score\": 15.2, \"maxScore\": 20}]','[]',NULL,NULL),(866,35,13,1,'2025/2026','Semester 1',1,'2025-12-20 15:26:51','[{\"label\": \"Term 1 FA\", \"score\": 16.5, \"maxScore\": 20}]','[]',NULL,NULL),(867,35,15,1,'2025/2026','Semester 1',1,'2025-12-20 15:26:52','[{\"label\": \"Term 1 FA\", \"score\": 15.5, \"maxScore\": 20}]','[]',NULL,NULL),(868,35,18,1,'2025/2026','Semester 1',1,'2025-12-20 15:26:53','[{\"label\": \"Term 1 FA\", \"score\": 15, \"maxScore\": 20}]','[]',NULL,NULL),(869,35,12,1,'2025/2026','Semester 1',1,'2025-12-20 15:26:54','[{\"label\": \"Term 1 FA\", \"score\": 15, \"maxScore\": 20}]','[]',NULL,NULL),(870,35,16,1,'2025/2026','Semester 1',1,'2025-12-20 15:26:55','[{\"label\": \"Term 1 FA\", \"score\": 13.5, \"maxScore\": 20}]','[]',NULL,NULL),(871,35,19,1,'2025/2026','Semester 1',1,'2025-12-20 15:26:56','[{\"label\": \"Term 1 FA\", \"score\": 17, \"maxScore\": 20}]','[]',NULL,NULL),(872,36,14,1,'2025/2026','Semester 1',1,'2025-12-20 15:26:57','[{\"label\": \"Term 1 FA\", \"score\": 7.9, \"maxScore\": 20}]','[]',NULL,NULL),(873,36,1,1,'2025/2026','Semester 1',1,'2025-12-20 15:26:58','[{\"label\": \"Term 1 FA\", \"score\": 17.25, \"maxScore\": 20}]','[]',NULL,NULL),(874,36,2,1,'2025/2026','Semester 1',1,'2025-12-20 15:26:59','[{\"label\": \"Term 1 FA\", \"score\": 3.2, \"maxScore\": 20}]','[]',NULL,NULL),(875,36,4,1,'2025/2026','Semester 1',1,'2025-12-20 15:27:00','[{\"label\": \"Term 1 FA\", \"score\": 16.6, \"maxScore\": 20}]','[]',NULL,NULL),(876,36,6,1,'2025/2026','Semester 1',1,'2025-12-20 15:27:01','[{\"label\": \"Term 1 FA\", \"score\": 11.8, \"maxScore\": 20}]','[]',NULL,NULL),(877,36,7,1,'2025/2026','Semester 1',1,'2025-12-20 15:27:02','[{\"label\": \"Term 1 FA\", \"score\": 17, \"maxScore\": 20}]','[]',NULL,NULL),(878,36,9,1,'2025/2026','Semester 1',1,'2025-12-20 15:27:02','[{\"label\": \"Term 1 FA\", \"score\": 14.2, \"maxScore\": 20}]','[]',NULL,NULL),(879,36,10,1,'2025/2026','Semester 1',1,'2025-12-20 15:27:03','[{\"label\": \"Term 1 FA\", \"score\": 8.45, \"maxScore\": 20}]','[]',NULL,NULL),(880,36,11,1,'2025/2026','Semester 1',1,'2025-12-20 15:27:04','[{\"label\": \"Term 1 FA\", \"score\": 10.7, \"maxScore\": 20}]','[]',NULL,NULL),(881,36,5,1,'2025/2026','Semester 1',1,'2025-12-20 15:27:05','[{\"label\": \"Term 1 FA\", \"score\": 13.6, \"maxScore\": 20}]','[]',NULL,NULL),(882,36,3,1,'2025/2026','Semester 1',1,'2025-12-20 15:27:06','[{\"label\": \"Term 1 FA\", \"score\": 13, \"maxScore\": 20}]','[]',NULL,NULL),(883,36,13,1,'2025/2026','Semester 1',1,'2025-12-20 15:27:07','[{\"label\": \"Term 1 FA\", \"score\": 16, \"maxScore\": 20}]','[]',NULL,NULL),(884,36,15,1,'2025/2026','Semester 1',1,'2025-12-20 15:27:08','[{\"label\": \"Term 1 FA\", \"score\": 14, \"maxScore\": 20}]','[]',NULL,NULL),(885,36,18,1,'2025/2026','Semester 1',1,'2025-12-20 15:27:09','[{\"label\": \"Term 1 FA\", \"score\": 12, \"maxScore\": 20}]','[]',NULL,NULL),(886,36,12,1,'2025/2026','Semester 1',1,'2025-12-20 15:27:10','[{\"label\": \"Term 1 FA\", \"score\": 13.6, \"maxScore\": 20}]','[]',NULL,NULL),(887,36,16,1,'2025/2026','Semester 1',1,'2025-12-20 15:27:10','[{\"label\": \"Term 1 FA\", \"score\": 11.5, \"maxScore\": 20}]','[]',NULL,NULL),(888,36,19,1,'2025/2026','Semester 1',1,'2025-12-20 15:27:11','[{\"label\": \"Term 1 FA\", \"score\": 13, \"maxScore\": 20}]','[]',NULL,NULL),(889,37,14,1,'2025/2026','Semester 1',1,'2025-12-20 15:27:12','[{\"label\": \"Term 1 FA\", \"score\": 6.2, \"maxScore\": 20}]','[]',NULL,NULL),(890,37,1,1,'2025/2026','Semester 1',1,'2025-12-20 15:27:13','[{\"label\": \"Term 1 FA\", \"score\": 8.5, \"maxScore\": 20}]','[]',NULL,NULL),(891,37,2,1,'2025/2026','Semester 1',1,'2025-12-20 15:27:14','[{\"label\": \"Term 1 FA\", \"score\": 4.4, \"maxScore\": 20}]','[]',NULL,NULL),(892,37,4,1,'2025/2026','Semester 1',1,'2025-12-20 15:27:15','[{\"label\": \"Term 1 FA\", \"score\": 14.7, \"maxScore\": 20}]','[]',NULL,NULL),(893,37,6,1,'2025/2026','Semester 1',1,'2025-12-20 15:27:16','[{\"label\": \"Term 1 FA\", \"score\": 8.8, \"maxScore\": 20}]','[]',NULL,NULL),(894,37,7,1,'2025/2026','Semester 1',1,'2025-12-20 15:27:17','[{\"label\": \"Term 1 FA\", \"score\": 18.5, \"maxScore\": 20}]','[]',NULL,NULL),(895,37,9,1,'2025/2026','Semester 1',1,'2025-12-20 15:27:17','[{\"label\": \"Term 1 FA\", \"score\": 4, \"maxScore\": 20}]','[]',NULL,NULL),(896,37,10,1,'2025/2026','Semester 1',1,'2025-12-20 15:27:19','[{\"label\": \"Term 1 FA\", \"score\": 3.9, \"maxScore\": 20}]','[]',NULL,NULL),(897,37,11,1,'2025/2026','Semester 1',1,'2025-12-20 15:27:19','[{\"label\": \"Term 1 FA\", \"score\": 6, \"maxScore\": 20}]','[]',NULL,NULL),(898,37,5,1,'2025/2026','Semester 1',1,'2025-12-20 15:27:20','[{\"label\": \"Term 1 FA\", \"score\": 14.8, \"maxScore\": 20}]','[]',NULL,NULL),(899,37,3,1,'2025/2026','Semester 1',1,'2025-12-20 15:27:21','[{\"label\": \"Term 1 FA\", \"score\": 6, \"maxScore\": 20}]','[]',NULL,NULL),(900,37,13,1,'2025/2026','Semester 1',1,'2025-12-20 15:27:22','[{\"label\": \"Term 1 FA\", \"score\": 8, \"maxScore\": 20}]','[]',NULL,NULL),(901,37,15,1,'2025/2026','Semester 1',1,'2025-12-20 15:27:24','[{\"label\": \"Term 1 FA\", \"score\": 6.65, \"maxScore\": 20}]','[]',NULL,NULL),(902,37,18,1,'2025/2026','Semester 1',1,'2025-12-20 15:27:24','[{\"label\": \"Term 1 FA\", \"score\": 7.5, \"maxScore\": 20}]','[]',NULL,NULL),(903,37,12,1,'2025/2026','Semester 1',1,'2025-12-20 15:27:25','[{\"label\": \"Term 1 FA\", \"score\": 13.6, \"maxScore\": 20}]','[]',NULL,NULL),(904,37,16,1,'2025/2026','Semester 1',1,'2025-12-20 15:27:26','[{\"label\": \"Term 1 FA\", \"score\": 7.5, \"maxScore\": 20}]','[]',NULL,NULL),(905,37,19,1,'2025/2026','Semester 1',1,'2025-12-20 15:27:27','[{\"label\": \"Term 1 FA\", \"score\": 5.5, \"maxScore\": 20}]','[]',NULL,NULL),(906,2,14,1,'2025/26','Semester 1',NULL,'2025-12-20 14:46:00','[{\"label\": \"FA 1\", \"score\": 18.5, \"maxScore\": 20}]','[]',90.00,100.00),(907,5,14,1,'2025/26','Semester 1',NULL,'2025-12-20 14:46:00','[{\"label\": \"FA 1\", \"score\": 14.3, \"maxScore\": 20}]','[]',58.00,100.00),(908,3,14,1,'2025/26','Semester 1',NULL,'2025-12-20 14:46:00','[{\"label\": \"FA 1\", \"score\": 16.7, \"maxScore\": 20}]','[]',82.00,100.00),(909,1,14,1,'2025/26','Semester 1',NULL,'2025-12-20 14:46:00','[{\"label\": \"FA 1\", \"score\": 18.1, \"maxScore\": 20}]','[]',86.00,100.00),(910,4,14,1,'2025/26','Semester 1',NULL,'2025-12-20 14:46:00','[{\"label\": \"FA 1\", \"score\": 16, \"maxScore\": 20}]','[]',60.00,100.00),(911,6,14,1,'2025/26','Semester 1',NULL,'2025-12-20 14:46:00','[{\"label\": \"FA 1\", \"score\": 4.65, \"maxScore\": 20}]','[]',24.00,100.00),(912,10,14,1,'2025/26','Semester 1',NULL,'2025-12-20 14:46:02','[{\"label\": \"FA 1\", \"score\": 13.35, \"maxScore\": 20}]','[]',34.00,100.00),(913,9,14,1,'2025/26','Semester 1',NULL,'2025-12-20 14:46:02','[{\"label\": \"FA 1\", \"score\": 13.35, \"maxScore\": 20}]','[]',76.00,100.00),(914,30,14,1,'2025/26','Semester 1',NULL,'2025-12-20 14:46:02','[{\"label\": \"FA 1\", \"score\": 14.2, \"maxScore\": 20}]','[]',62.00,100.00),(915,29,14,1,'2025/26','Semester 1',NULL,'2025-12-20 14:46:02','[{\"label\": \"FA 1\", \"score\": 6.15, \"maxScore\": 20}]','[]',80.00,100.00),(916,7,14,1,'2025/26','Semester 1',NULL,'2025-12-20 14:46:02','[{\"label\": \"FA 1\", \"score\": 13, \"maxScore\": 20}]','[]',75.00,100.00),(917,31,14,1,'2025/26','Semester 1',NULL,'2025-12-20 14:46:02','[{\"label\": \"FA 1\", \"score\": 12.35, \"maxScore\": 20}]','[]',66.00,100.00),(918,32,14,1,'2025/26','Semester 1',NULL,'2025-12-20 14:46:03','[{\"label\": \"FA 1\", \"score\": 7.9, \"maxScore\": 20}]','[]',24.00,100.00),(919,33,14,1,'2025/26','Semester 1',NULL,'2025-12-20 14:46:03','[{\"label\": \"FA 1\", \"score\": 17, \"maxScore\": 20}]','[]',95.00,100.00),(920,35,14,1,'2025/26','Semester 1',NULL,'2025-12-20 14:46:03','[{\"label\": \"FA 1\", \"score\": 16.3, \"maxScore\": 20}]','[]',68.00,100.00),(921,36,14,1,'2025/26','Semester 1',NULL,'2025-12-20 14:46:04','[{\"label\": \"FA 1\", \"score\": 7.9, \"maxScore\": 20}]','[]',34.00,100.00),(922,34,14,1,'2025/26','Semester 1',NULL,'2025-12-20 14:46:04','[{\"label\": \"FA 1\", \"score\": 13.5, \"maxScore\": 20}]','[]',80.00,100.00),(923,37,14,1,'2025/26','Semester 1',NULL,'2025-12-20 14:46:04','[{\"label\": \"FA 1\", \"score\": 6.2, \"maxScore\": 20}]','[]',62.00,100.00),(924,8,14,1,'2025/26','Semester 1',NULL,'2025-12-20 14:48:54','[{\"label\": \"FA 1\", \"score\": 7.9, \"maxScore\": 20}]','[]',24.00,100.00),(925,1,1,1,'2025/26','Semester 1',NULL,'2025-12-20 15:00:45','[{\"label\": \"FA 1\", \"score\": 17.5, \"maxScore\": 20}]','[]',56.00,100.00),(926,2,1,1,'2025/26','Semester 1',NULL,'2025-12-20 15:00:45','[{\"label\": \"FA 1\", \"score\": 17.5, \"maxScore\": 20}]','[]',46.00,100.00),(927,3,1,1,'2025/26','Semester 1',NULL,'2025-12-20 15:00:45','[{\"label\": \"FA 1\", \"score\": 17.5, \"maxScore\": 20}]','[]',59.00,100.00),(928,5,1,1,'2025/26','Semester 1',NULL,'2025-12-20 15:00:45','[{\"label\": \"FA 1\", \"score\": 9.5, \"maxScore\": 20}]','[]',59.00,100.00),(929,6,1,1,'2025/26','Semester 1',NULL,'2025-12-20 15:00:45','[{\"label\": \"FA 1\", \"score\": 8.25, \"maxScore\": 20}]','[]',23.00,100.00),(930,4,1,1,'2025/26','Semester 1',NULL,'2025-12-20 15:00:45','[{\"label\": \"FA 1\", \"score\": 19, \"maxScore\": 20}]','[]',36.00,100.00),(931,7,1,1,'2025/26','Semester 1',NULL,'2025-12-20 15:00:46','[{\"label\": \"FA 1\", \"score\": 20, \"maxScore\": 20}]','[]',61.00,100.00),(932,9,1,1,'2025/26','Semester 1',NULL,'2025-12-20 15:00:47','[{\"label\": \"FA 1\", \"score\": 15.5, \"maxScore\": 20}]','[]',44.00,100.00),(933,10,1,1,'2025/26','Semester 1',NULL,'2025-12-20 15:00:47','[{\"label\": \"FA 1\", \"score\": 14.25, \"maxScore\": 20}]','[]',42.00,100.00),(934,31,1,1,'2025/26','Semester 1',NULL,'2025-12-20 15:00:47','[{\"label\": \"FA 1\", \"score\": 14.5, \"maxScore\": 20}]','[]',61.01,100.00),(935,29,1,1,'2025/26','Semester 1',NULL,'2025-12-20 15:00:47','[{\"label\": \"FA 1\", \"score\": 16.75, \"maxScore\": 20}]','[]',80.00,100.00),(936,30,1,1,'2025/26','Semester 1',NULL,'2025-12-20 15:00:47','[{\"label\": \"FA 1\", \"score\": 20, \"maxScore\": 20}]','[]',50.01,100.00),(937,32,1,1,'2025/26','Semester 1',NULL,'2025-12-20 15:00:48','[{\"label\": \"FA 1\", \"score\": 16, \"maxScore\": 20}]','[]',46.00,100.00),(938,33,1,1,'2025/26','Semester 1',NULL,'2025-12-20 15:00:48','[{\"label\": \"FA 1\", \"score\": 13.5, \"maxScore\": 20}]','[]',54.00,100.00),(939,36,1,1,'2025/26','Semester 1',NULL,'2025-12-20 15:00:48','[{\"label\": \"FA 1\", \"score\": 17, \"maxScore\": 20}]','[]',38.00,100.00),(940,35,1,1,'2025/26','Semester 1',NULL,'2025-12-20 15:00:48','[{\"label\": \"FA 1\", \"score\": 13, \"maxScore\": 20}]','[]',53.00,100.00),(941,37,1,1,'2025/26','Semester 1',NULL,'2025-12-20 15:00:48','[{\"label\": \"FA 1\", \"score\": 17.25, \"maxScore\": 20}]','[]',40.01,100.00),(942,34,1,1,'2025/26','Semester 1',NULL,'2025-12-20 15:00:48','[{\"label\": \"FA 1\", \"score\": 17, \"maxScore\": 20}]','[]',28.50,100.00),(943,8,1,1,'2025/26','Semester 1',NULL,'2025-12-20 16:03:51','[{\"label\": \"FA 1\", \"score\": 15.5, \"maxScore\": 20}]','[]',52.00,100.00),(944,1,2,1,'2025/26','Semester 1',NULL,'2025-12-20 15:07:02','[{\"label\": \"FA 1\", \"score\": 19.7, \"maxScore\": 20}]','[]',100.00,100.00),(945,2,2,1,'2025/26','Semester 1',NULL,'2025-12-20 15:07:02','[{\"label\": \"FA 1\", \"score\": 19.5, \"maxScore\": 20}]','[]',98.00,100.00),(946,4,2,1,'2025/26','Semester 1',NULL,'2025-12-20 15:07:02','[{\"label\": \"FA 1\", \"score\": 9.7, \"maxScore\": 20}]','[]',100.00,100.00),(947,5,2,1,'2025/26','Semester 1',NULL,'2025-12-20 15:07:02','[{\"label\": \"FA 1\", \"score\": 16.7, \"maxScore\": 20}]','[]',83.00,100.00),(948,3,2,1,'2025/26','Semester 1',NULL,'2025-12-20 15:07:02','[{\"label\": \"FA 1\", \"score\": 17.5, \"maxScore\": 20}]','[]',94.00,100.00),(949,6,2,1,'2025/26','Semester 1',NULL,'2025-12-20 15:07:02','[{\"label\": \"FA 1\", \"score\": 7.4, \"maxScore\": 20}]','[]',10.00,100.00),(950,7,2,1,'2025/26','Semester 1',NULL,'2025-12-20 15:07:03','[{\"label\": \"FA 1\", \"score\": 13.6, \"maxScore\": 20}]','[]',88.00,100.00),(951,30,2,1,'2025/26','Semester 1',NULL,'2025-12-20 15:07:03','[{\"label\": \"FA 1\", \"score\": 18.3, \"maxScore\": 20}]','[]',90.00,100.00),(952,9,2,1,'2025/26','Semester 1',NULL,'2025-12-20 15:07:04','[{\"label\": \"FA 1\", \"score\": 17, \"maxScore\": 20}]','[]',92.00,100.00),(953,29,2,1,'2025/26','Semester 1',NULL,'2025-12-20 15:07:04','[{\"label\": \"FA 1\", \"score\": 19, \"maxScore\": 20}]','[]',100.00,100.00),(954,10,2,1,'2025/26','Semester 1',NULL,'2025-12-20 15:07:04','[{\"label\": \"FA 1\", \"score\": 17.5, \"maxScore\": 20}]','[]',79.00,100.00),(955,31,2,1,'2025/26','Semester 1',NULL,'2025-12-20 15:07:04','[{\"label\": \"FA 1\", \"score\": 6.3, \"maxScore\": 20}]','[]',100.00,100.00),(956,32,2,1,'2025/26','Semester 1',NULL,'2025-12-20 15:07:05','[{\"label\": \"FA 1\", \"score\": 12.1, \"maxScore\": 20}]','[]',48.00,100.00),(957,33,2,1,'2025/26','Semester 1',NULL,'2025-12-20 15:07:05','[{\"label\": \"FA 1\", \"score\": 18.4, \"maxScore\": 20}]','[]',84.00,100.00),(958,35,2,1,'2025/26','Semester 1',NULL,'2025-12-20 15:07:05','[{\"label\": \"FA 1\", \"score\": 15.1, \"maxScore\": 20}]','[]',100.00,100.00),(959,36,2,1,'2025/26','Semester 1',NULL,'2025-12-20 15:07:05','[{\"label\": \"FA 1\", \"score\": 3.2, \"maxScore\": 20}]','[]',52.00,100.00),(960,34,2,1,'2025/26','Semester 1',NULL,'2025-12-20 15:07:05','[{\"label\": \"FA 1\", \"score\": 14.8, \"maxScore\": 20}]','[]',93.00,100.00),(961,37,2,1,'2025/26','Semester 1',NULL,'2025-12-20 15:07:05','[{\"label\": \"FA 1\", \"score\": 14.7, \"maxScore\": 20}]','[]',4.00,100.00),(962,2,4,1,'2025/26','Semester 1',NULL,'2025-12-20 15:15:55','[{\"label\": \"FA 1\", \"score\": 17.4, \"maxScore\": 20}]','[]',90.00,100.00),(963,3,4,1,'2025/26','Semester 1',NULL,'2025-12-20 15:15:55','[{\"label\": \"FA 1\", \"score\": 16.2, \"maxScore\": 20}]','[]',95.00,100.00),(964,4,4,1,'2025/26','Semester 1',NULL,'2025-12-20 15:15:56','[{\"label\": \"FA 1\", \"score\": 17.3, \"maxScore\": 20}]','[]',100.00,100.00),(965,5,4,1,'2025/26','Semester 1',NULL,'2025-12-20 15:15:56','[{\"label\": \"FA 1\", \"score\": 15.4, \"maxScore\": 20}]','[]',95.00,100.00),(966,1,4,1,'2025/26','Semester 1',NULL,'2025-12-20 15:15:56','[{\"label\": \"FA 1\", \"score\": 17.4, \"maxScore\": 20}]','[]',95.00,100.00),(967,6,4,1,'2025/26','Semester 1',NULL,'2025-12-20 15:15:56','[{\"label\": \"FA 1\", \"score\": 9.2, \"maxScore\": 20}]','[]',95.00,100.00),(968,9,4,1,'2025/26','Semester 1',NULL,'2025-12-20 15:15:57','[{\"label\": \"FA 1\", \"score\": 15.2, \"maxScore\": 20}]','[]',95.00,100.00),(969,10,4,1,'2025/26','Semester 1',NULL,'2025-12-20 15:15:57','[{\"label\": \"FA 1\", \"score\": 15.9, \"maxScore\": 20}]','[]',95.00,100.00),(970,7,4,1,'2025/26','Semester 1',NULL,'2025-12-20 15:15:57','[{\"label\": \"FA 1\", \"score\": 14.7, \"maxScore\": 20}]','[]',95.00,100.00),(971,29,4,1,'2025/26','Semester 1',NULL,'2025-12-20 15:15:57','[{\"label\": \"FA 1\", \"score\": 8.1, \"maxScore\": 20}]','[]',95.00,100.00),(972,30,4,1,'2025/26','Semester 1',NULL,'2025-12-20 15:15:57','[{\"label\": \"FA 1\", \"score\": 18.6, \"maxScore\": 20}]','[]',82.50,100.00),(973,31,4,1,'2025/26','Semester 1',NULL,'2025-12-20 15:15:58','[{\"label\": \"FA 1\", \"score\": 17.3, \"maxScore\": 20}]','[]',95.00,100.00),(974,34,4,1,'2025/26','Semester 1',NULL,'2025-12-20 15:15:59','[{\"label\": \"FA 1\", \"score\": 16.2, \"maxScore\": 20}]','[]',100.00,100.00),(975,32,4,1,'2025/26','Semester 1',NULL,'2025-12-20 15:15:59','[{\"label\": \"FA 1\", \"score\": 19, \"maxScore\": 20}]','[]',95.00,100.00),(976,35,4,1,'2025/26','Semester 1',NULL,'2025-12-20 15:15:59','[{\"label\": \"FA 1\", \"score\": 16, \"maxScore\": 20}]','[]',95.00,100.00),(977,36,4,1,'2025/26','Semester 1',NULL,'2025-12-20 15:15:59','[{\"label\": \"FA 1\", \"score\": 16.8, \"maxScore\": 20}]','[]',90.00,100.00),(978,33,4,1,'2025/26','Semester 1',NULL,'2025-12-20 15:15:59','[{\"label\": \"FA 1\", \"score\": 15.1, \"maxScore\": 20}]','[]',95.00,100.00),(979,37,4,1,'2025/26','Semester 1',NULL,'2025-12-20 15:15:59','[{\"label\": \"FA 1\", \"score\": 16.6, \"maxScore\": 20}]','[]',95.00,100.00),(980,8,2,1,'2025/26','Semester 1',NULL,'2025-12-20 16:33:25','[{\"label\": \"FA 1\", \"score\": 19, \"maxScore\": 20}]','[]',94.00,100.00),(981,8,4,1,'2025/26','Semester 1',NULL,'2025-12-20 16:38:51','[{\"label\": \"FA 1\", \"score\": 15.2, \"maxScore\": 20}]','[]',95.00,100.00),(982,36,6,1,'2025/26','Semester 1',NULL,'2025-12-20 16:47:02','[{\"label\": \"FA\", \"score\": 11.8, \"maxScore\": 20}]','[]',78.00,100.00),(983,3,6,1,'2025/26','Semester 1',NULL,'2025-12-20 16:47:02','[{\"label\": \"FA\", \"score\": 17.6, \"maxScore\": 20}]','[]',90.00,100.00),(984,7,6,1,'2025/26','Semester 1',NULL,'2025-12-20 16:47:02','[{\"label\": \"FA\", \"score\": 19.6, \"maxScore\": 20}]','[]',100.00,100.00),(985,2,6,1,'2025/26','Semester 1',NULL,'2025-12-20 16:47:02','[{\"label\": \"FA\", \"score\": 16.8, \"maxScore\": 20}]','[]',94.00,100.00),(986,30,6,1,'2025/26','Semester 1',NULL,'2025-12-20 16:47:02','[{\"label\": \"FA\", \"score\": 17.3, \"maxScore\": 20}]','[]',96.00,100.00),(987,1,6,1,'2025/26','Semester 1',NULL,'2025-12-20 16:47:02','[{\"label\": \"FA\", \"score\": 20, \"maxScore\": 20}]','[]',100.00,100.00),(988,8,6,1,'2025/26','Semester 1',NULL,'2025-12-20 16:47:04','[{\"label\": \"FA\", \"score\": 18.9, \"maxScore\": 20}]','[]',94.00,100.00),(989,9,6,1,'2025/26','Semester 1',NULL,'2025-12-20 16:47:04','[{\"label\": \"FA\", \"score\": 16.8, \"maxScore\": 20}]','[]',82.00,100.00),(990,10,6,1,'2025/26','Semester 1',NULL,'2025-12-20 16:47:04','[{\"label\": \"FA\", \"score\": 13.6, \"maxScore\": 20}]','[]',58.00,100.00),(991,37,6,1,'2025/26','Semester 1',NULL,'2025-12-20 16:47:04','[{\"label\": \"FA\", \"score\": 8.8, \"maxScore\": 20}]','[]',92.00,100.00),(992,35,6,1,'2025/26','Semester 1',NULL,'2025-12-20 16:47:04','[{\"label\": \"FA\", \"score\": 15.8, \"maxScore\": 20}]','[]',96.00,100.00),(993,31,6,1,'2025/26','Semester 1',NULL,'2025-12-20 16:47:05','[{\"label\": \"FA\", \"score\": 16.9, \"maxScore\": 20}]','[]',94.00,100.00),(994,34,6,1,'2025/26','Semester 1',NULL,'2025-12-20 16:47:06','[{\"label\": \"FA\", \"score\": 11.67, \"maxScore\": 20}]','[]',94.00,100.00),(995,29,6,1,'2025/26','Semester 1',NULL,'2025-12-20 16:47:07','[{\"label\": \"FA\", \"score\": 20, \"maxScore\": 20}]','[]',98.00,100.00),(996,4,6,1,'2025/26','Semester 1',NULL,'2025-12-20 16:47:07','[{\"label\": \"FA\", \"score\": 18.3, \"maxScore\": 20}]','[]',96.00,100.00),(997,32,6,1,'2025/26','Semester 1',NULL,'2025-12-20 16:47:07','[{\"label\": \"FA\", \"score\": 12.42, \"maxScore\": 20}]','[]',52.00,100.00),(998,33,6,1,'2025/26','Semester 1',NULL,'2025-12-20 16:47:07','[{\"label\": \"FA\", \"score\": 17.8, \"maxScore\": 20}]','[]',44.00,100.00),(999,5,6,1,'2025/26','Semester 1',NULL,'2025-12-20 16:47:09','[{\"label\": \"FA\", \"score\": 18.7, \"maxScore\": 20}]','[]',96.00,100.00),(1000,6,6,1,'2025/26','Semester 1',NULL,'2025-12-20 16:47:09','[{\"label\": \"FA\", \"score\": 12.9, \"maxScore\": 20}]','[]',80.00,100.00),(1001,8,7,1,'2025/26','Semester 1',NULL,'2025-12-20 16:51:24','[{\"label\": \"FA\", \"score\": 19, \"maxScore\": 20}]','[]',100.00,100.00),(1002,9,7,1,'2025/26','Semester 1',NULL,'2025-12-20 16:51:25','[{\"label\": \"FA\", \"score\": 16, \"maxScore\": 20}]','[]',90.02,100.00),(1003,1,7,1,'2025/26','Semester 1',NULL,'2025-12-20 16:53:45','[{\"label\": \"FA\", \"score\": 18, \"maxScore\": 20}]','[]',100.00,100.00),(1004,7,7,1,'2025/26','Semester 1',NULL,'2025-12-20 16:53:45','[{\"label\": \"FA\", \"score\": 18, \"maxScore\": 20}]','[]',100.00,100.00),(1005,30,7,1,'2025/26','Semester 1',NULL,'2025-12-20 16:53:45','[{\"label\": \"FA\", \"score\": 18.5, \"maxScore\": 20}]','[]',100.00,100.00),(1006,36,7,1,'2025/26','Semester 1',NULL,'2025-12-20 16:53:45','[{\"label\": \"FA\", \"score\": 17, \"maxScore\": 20}]','[]',92.50,100.00),(1007,3,7,1,'2025/26','Semester 1',NULL,'2025-12-20 16:53:45','[{\"label\": \"FA\", \"score\": 17.5, \"maxScore\": 20}]','[]',95.00,100.00),(1008,2,7,1,'2025/26','Semester 1',NULL,'2025-12-20 16:53:45','[{\"label\": \"FA\", \"score\": 17.5, \"maxScore\": 20}]','[]',97.50,100.00),(1009,37,7,1,'2025/26','Semester 1',NULL,'2025-12-20 16:53:47','[{\"label\": \"FA\", \"score\": 18.5, \"maxScore\": 20}]','[]',100.00,100.00),(1010,31,7,1,'2025/26','Semester 1',NULL,'2025-12-20 16:53:47','[{\"label\": \"FA\", \"score\": 18.49, \"maxScore\": 20}]','[]',97.50,100.00),(1011,10,7,1,'2025/26','Semester 1',NULL,'2025-12-20 16:53:48','[{\"label\": \"FA\", \"score\": 14, \"maxScore\": 20}]','[]',90.00,100.00),(1012,35,7,1,'2025/26','Semester 1',NULL,'2025-12-20 16:53:48','[{\"label\": \"FA\", \"score\": 18, \"maxScore\": 20}]','[]',95.00,100.00),(1013,6,7,1,'2025/26','Semester 1',NULL,'2025-12-20 16:53:49','[{\"label\": \"FA\", \"score\": 13.8, \"maxScore\": 20}]','[]',100.00,100.00),(1014,29,7,1,'2025/26','Semester 1',NULL,'2025-12-20 16:53:49','[{\"label\": \"FA\", \"score\": 19, \"maxScore\": 20}]','[]',100.00,100.00),(1015,34,7,1,'2025/26','Semester 1',NULL,'2025-12-20 16:53:50','[{\"label\": \"FA\", \"score\": 17, \"maxScore\": 20}]','[]',100.00,100.00),(1016,4,7,1,'2025/26','Semester 1',NULL,'2025-12-20 16:53:50','[{\"label\": \"FA\", \"score\": 18, \"maxScore\": 20}]','[]',100.00,100.00),(1017,33,7,1,'2025/26','Semester 1',NULL,'2025-12-20 16:53:50','[{\"label\": \"FA\", \"score\": 19, \"maxScore\": 20}]','[]',95.00,100.00),(1018,32,7,1,'2025/26','Semester 1',NULL,'2025-12-20 16:53:50','[{\"label\": \"FA\", \"score\": 16.5, \"maxScore\": 20}]','[]',95.00,100.00),(1019,5,7,1,'2025/26','Semester 1',NULL,'2025-12-20 16:53:52','[{\"label\": \"FA\", \"score\": 18.01, \"maxScore\": 20}]','[]',100.00,100.00),(1020,7,9,1,'2025/26','Semester 1',NULL,'2025-12-20 17:02:22','[{\"label\": \"FA\", \"score\": 15.8, \"maxScore\": 20}]','[]',100.00,100.00),(1021,1,9,1,'2025/26','Semester 1',NULL,'2025-12-20 17:02:22','[{\"label\": \"FA\", \"score\": 16.8, \"maxScore\": 20}]','[]',100.00,100.00),(1022,3,9,1,'2025/26','Semester 1',NULL,'2025-12-20 17:02:22','[{\"label\": \"FA\", \"score\": 17.3, \"maxScore\": 20}]','[]',96.67,100.00),(1023,36,9,1,'2025/26','Semester 1',NULL,'2025-12-20 17:02:22','[{\"label\": \"FA\", \"score\": 14.2, \"maxScore\": 20}]','[]',56.67,100.00),(1024,30,9,1,'2025/26','Semester 1',NULL,'2025-12-20 17:02:22','[{\"label\": \"FA\", \"score\": 14.9, \"maxScore\": 20}]','[]',93.33,100.00),(1025,2,9,1,'2025/26','Semester 1',NULL,'2025-12-20 17:02:22','[{\"label\": \"FA\", \"score\": 16.7, \"maxScore\": 20}]','[]',96.67,100.00),(1026,37,9,1,'2025/26','Semester 1',NULL,'2025-12-20 17:02:24','[{\"label\": \"FA\", \"score\": 4, \"maxScore\": 20}]','[]',100.00,100.00),(1027,8,9,1,'2025/26','Semester 1',NULL,'2025-12-20 17:02:24','[{\"label\": \"FA\", \"score\": 17.3, \"maxScore\": 20}]','[]',76.67,100.00),(1028,31,9,1,'2025/26','Semester 1',NULL,'2025-12-20 17:02:24','[{\"label\": \"FA\", \"score\": 7.5, \"maxScore\": 20}]','[]',96.67,100.00),(1029,35,9,1,'2025/26','Semester 1',NULL,'2025-12-20 17:02:24','[{\"label\": \"FA\", \"score\": 14.2, \"maxScore\": 20}]','[]',100.00,100.00),(1030,10,9,1,'2025/26','Semester 1',NULL,'2025-12-20 17:02:24','[{\"label\": \"FA\", \"score\": 15.4, \"maxScore\": 20}]','[]',100.00,100.00),(1031,9,9,1,'2025/26','Semester 1',NULL,'2025-12-20 17:02:24','[{\"label\": \"FA\", \"score\": 15.3, \"maxScore\": 20}]','[]',83.33,100.00),(1032,6,9,1,'2025/26','Semester 1',NULL,'2025-12-20 17:02:25','[{\"label\": \"FA\", \"score\": 15.8, \"maxScore\": 20}]','[]',90.00,100.00),(1033,34,9,1,'2025/26','Semester 1',NULL,'2025-12-20 17:02:26','[{\"label\": \"FA\", \"score\": 15.3, \"maxScore\": 20}]','[]',86.67,100.00),(1034,29,9,1,'2025/26','Semester 1',NULL,'2025-12-20 17:02:26','[{\"label\": \"FA\", \"score\": 18, \"maxScore\": 20}]','[]',100.00,100.00),(1035,33,9,1,'2025/26','Semester 1',NULL,'2025-12-20 17:02:26','[{\"label\": \"FA\", \"score\": 16.3, \"maxScore\": 20}]','[]',100.00,100.00),(1036,32,9,1,'2025/26','Semester 1',NULL,'2025-12-20 17:02:26','[{\"label\": \"FA\", \"score\": 11.4, \"maxScore\": 20}]','[]',86.67,100.00),(1037,4,9,1,'2025/26','Semester 1',NULL,'2025-12-20 17:02:26','[{\"label\": \"FA\", \"score\": 16.3, \"maxScore\": 20}]','[]',100.00,100.00),(1038,5,9,1,'2025/26','Semester 1',NULL,'2025-12-20 17:03:29','[{\"label\": \"FA\", \"score\": 16.3, \"maxScore\": 20}]','[]',70.00,100.00),(1039,3,10,1,'2025/26','Semester 1',NULL,'2025-12-20 17:08:35','[{\"label\": \"FA\", \"score\": 16.9, \"maxScore\": 20}]','[]',68.80,100.00),(1040,7,10,1,'2025/26','Semester 1',NULL,'2025-12-20 17:08:35','[{\"label\": \"FA\", \"score\": 13.3, \"maxScore\": 20}]','[]',49.41,100.00),(1041,36,10,1,'2025/26','Semester 1',NULL,'2025-12-20 17:08:35','[{\"label\": \"FA\", \"score\": 8.5, \"maxScore\": 20}]','[]',13.80,100.00),(1042,1,10,1,'2025/26','Semester 1',NULL,'2025-12-20 17:08:35','[{\"label\": \"FA\", \"score\": 16.1, \"maxScore\": 20}]','[]',68.88,100.00),(1043,30,10,1,'2025/26','Semester 1',NULL,'2025-12-20 17:08:35','[{\"label\": \"FA\", \"score\": 14.5, \"maxScore\": 20}]','[]',76.30,100.00),(1044,2,10,1,'2025/26','Semester 1',NULL,'2025-12-20 17:08:35','[{\"label\": \"FA\", \"score\": 18.2, \"maxScore\": 20}]','[]',72.50,100.00),(1045,8,10,1,'2025/26','Semester 1',NULL,'2025-12-20 17:08:37','[{\"label\": \"FA\", \"score\": 8.1, \"maxScore\": 20}]','[]',68.80,100.00),(1046,31,10,1,'2025/26','Semester 1',NULL,'2025-12-20 17:08:37','[{\"label\": \"FA\", \"score\": 12, \"maxScore\": 20}]','[]',62.50,100.00),(1047,9,10,1,'2025/26','Semester 1',NULL,'2025-12-20 17:08:37','[{\"label\": \"FA\", \"score\": 18.2, \"maxScore\": 20}]','[]',60.00,100.00),(1048,37,10,1,'2025/26','Semester 1',NULL,'2025-12-20 17:08:37','[{\"label\": \"FA\", \"score\": 3.9, \"maxScore\": 20}]','[]',41.90,100.00),(1049,10,10,1,'2025/26','Semester 1',NULL,'2025-12-20 17:08:37','[{\"label\": \"FA\", \"score\": 6, \"maxScore\": 20}]','[]',28.80,100.00),(1050,35,10,1,'2025/26','Semester 1',NULL,'2025-12-20 17:08:37','[{\"label\": \"FA\", \"score\": 9.1, \"maxScore\": 20}]','[]',56.90,100.00),(1051,6,10,1,'2025/26','Semester 1',NULL,'2025-12-20 17:08:39','[{\"label\": \"FA\", \"score\": 2.9, \"maxScore\": 20}]','[]',NULL,100.00),(1052,4,10,1,'2025/26','Semester 1',NULL,'2025-12-20 17:08:39','[{\"label\": \"FA\", \"score\": 15, \"maxScore\": 20}]','[]',75.00,100.00),(1053,34,10,1,'2025/26','Semester 1',NULL,'2025-12-20 17:08:39','[{\"label\": \"FA\", \"score\": 10.9, \"maxScore\": 20}]','[]',35.00,100.00),(1054,33,10,1,'2025/26','Semester 1',NULL,'2025-12-20 17:08:39','[{\"label\": \"FA\", \"score\": 11.5, \"maxScore\": 20}]','[]',63.10,100.00),(1055,29,10,1,'2025/26','Semester 1',NULL,'2025-12-20 17:08:39','[{\"label\": \"FA\", \"score\": 19.7, \"maxScore\": 20}]','[]',97.50,100.00),(1056,32,10,1,'2025/26','Semester 1',NULL,'2025-12-20 17:08:39','[{\"label\": \"FA\", \"score\": 7.8, \"maxScore\": 20}]','[]',31.30,100.00),(1057,5,10,1,'2025/26','Semester 1',NULL,'2025-12-20 17:08:40','[{\"label\": \"FA\", \"score\": 13.5, \"maxScore\": 20}]','[]',48.10,100.00),(1058,2,11,1,'2025/26','Semester 1',NULL,'2025-12-20 17:14:38','[{\"label\": \"FA\", \"score\": 17.9, \"maxScore\": 20}]','[]',96.00,100.00),(1059,7,11,1,'2025/26','Semester 1',NULL,'2025-12-20 17:14:38','[{\"label\": \"FA\", \"score\": 17, \"maxScore\": 20}]','[]',64.00,100.00),(1060,3,11,1,'2025/26','Semester 1',NULL,'2025-12-20 17:14:38','[{\"label\": \"FA\", \"score\": 15.5, \"maxScore\": 20}]','[]',68.00,100.00),(1061,36,11,1,'2025/26','Semester 1',NULL,'2025-12-20 17:14:38','[{\"label\": \"FA\", \"score\": 10.7, \"maxScore\": 20}]','[]',54.00,100.00),(1062,30,11,1,'2025/26','Semester 1',NULL,'2025-12-20 17:14:38','[{\"label\": \"FA\", \"score\": 15.1, \"maxScore\": 20}]','[]',74.00,100.00),(1063,1,11,1,'2025/26','Semester 1',NULL,'2025-12-20 17:14:39','[{\"label\": \"FA\", \"score\": 14.8, \"maxScore\": 20}]','[]',75.00,100.00),(1064,31,11,1,'2025/26','Semester 1',NULL,'2025-12-20 17:14:40','[{\"label\": \"FA\", \"score\": 17.6, \"maxScore\": 20}]','[]',83.00,100.00),(1065,8,11,1,'2025/26','Semester 1',NULL,'2025-12-20 17:14:40','[{\"label\": \"FA\", \"score\": 15.86, \"maxScore\": 20}]','[]',70.00,100.00),(1066,10,11,1,'2025/26','Semester 1',NULL,'2025-12-20 17:14:40','[{\"label\": \"FA\", \"score\": 11.4, \"maxScore\": 20}]','[]',19.00,100.00),(1067,9,11,1,'2025/26','Semester 1',NULL,'2025-12-20 17:14:40','[{\"label\": \"FA\", \"score\": 15.9, \"maxScore\": 20}]','[]',48.00,100.00),(1068,37,11,1,'2025/26','Semester 1',NULL,'2025-12-20 17:14:40','[{\"label\": \"FA\", \"score\": 6, \"maxScore\": 20}]','[]',57.00,100.00),(1069,35,11,1,'2025/26','Semester 1',NULL,'2025-12-20 17:14:40','[{\"label\": \"FA\", \"score\": 14, \"maxScore\": 20}]','[]',82.00,100.00),(1070,6,11,1,'2025/26','Semester 1',NULL,'2025-12-20 17:14:41','[{\"label\": \"FA\", \"score\": 10, \"maxScore\": 20}]','[]',43.00,100.00),(1071,34,11,1,'2025/26','Semester 1',NULL,'2025-12-20 17:14:41','[{\"label\": \"FA\", \"score\": 11.5, \"maxScore\": 20}]','[]',53.00,100.00),(1072,29,11,1,'2025/26','Semester 1',NULL,'2025-12-20 17:14:41','[{\"label\": \"FA\", \"score\": 18.19, \"maxScore\": 20}]','[]',97.00,100.00),(1073,4,11,1,'2025/26','Semester 1',NULL,'2025-12-20 17:14:41','[{\"label\": \"FA\", \"score\": 16.5, \"maxScore\": 20}]','[]',70.00,100.00),(1074,33,11,1,'2025/26','Semester 1',NULL,'2025-12-20 17:14:42','[{\"label\": \"FA\", \"score\": 14.2, \"maxScore\": 20}]','[]',59.00,100.00),(1075,32,11,1,'2025/26','Semester 1',NULL,'2025-12-20 17:14:42','[{\"label\": \"FA\", \"score\": 10.8, \"maxScore\": 20}]','[]',43.00,100.00),(1076,5,11,1,'2025/26','Semester 1',NULL,'2025-12-20 17:14:43','[{\"label\": \"FA\", \"score\": 13.01, \"maxScore\": 20}]','[]',61.00,100.00),(1077,36,5,1,'2025/26','Semester 1',NULL,'2025-12-20 17:21:49','[{\"label\": \"FA\", \"score\": 13.6, \"maxScore\": 20}]','[]',82.00,100.00),(1078,3,5,1,'2025/26','Semester 1',NULL,'2025-12-20 17:21:49','[{\"label\": \"FA\", \"score\": 18.8, \"maxScore\": 20}]','[]',92.00,100.00),(1079,7,5,1,'2025/26','Semester 1',NULL,'2025-12-20 17:21:49','[{\"label\": \"FA\", \"score\": 16.8, \"maxScore\": 20}]','[]',96.00,100.00),(1080,1,5,1,'2025/26','Semester 1',NULL,'2025-12-20 17:21:49','[{\"label\": \"FA\", \"score\": 20, \"maxScore\": 20}]','[]',100.00,100.00),(1081,2,5,1,'2025/26','Semester 1',NULL,'2025-12-20 17:21:49','[{\"label\": \"FA\", \"score\": 17.99, \"maxScore\": 20}]','[]',98.00,100.00),(1082,30,5,1,'2025/26','Semester 1',NULL,'2025-12-20 17:21:49','[{\"label\": \"FA\", \"score\": 17.6, \"maxScore\": 20}]','[]',96.00,100.00),(1083,8,5,1,'2025/26','Semester 1',NULL,'2025-12-20 17:21:50','[{\"label\": \"FA\", \"score\": 18.4, \"maxScore\": 20}]','[]',94.00,100.00),(1084,37,5,1,'2025/26','Semester 1',NULL,'2025-12-20 17:21:50','[{\"label\": \"FA\", \"score\": 14.8, \"maxScore\": 20}]','[]',86.00,100.00),(1085,31,5,1,'2025/26','Semester 1',NULL,'2025-12-20 17:21:50','[{\"label\": \"FA\", \"score\": 20, \"maxScore\": 20}]','[]',96.00,100.00),(1086,35,5,1,'2025/26','Semester 1',NULL,'2025-12-20 17:21:51','[{\"label\": \"FA\", \"score\": 18, \"maxScore\": 20}]','[]',96.00,100.00),(1087,9,5,1,'2025/26','Semester 1',NULL,'2025-12-20 17:21:51','[{\"label\": \"FA\", \"score\": 19.99, \"maxScore\": 20}]','[]',80.00,100.00),(1088,10,5,1,'2025/26','Semester 1',NULL,'2025-12-20 17:21:51','[{\"label\": \"FA\", \"score\": 11.88, \"maxScore\": 20}]','[]',77.00,100.00),(1089,34,5,1,'2025/26','Semester 1',NULL,'2025-12-20 17:21:52','[{\"label\": \"FA\", \"score\": 16.4, \"maxScore\": 20}]','[]',96.00,100.00),(1090,6,5,1,'2025/26','Semester 1',NULL,'2025-12-20 17:21:52','[{\"label\": \"FA\", \"score\": 4.8, \"maxScore\": 20}]','[]',84.00,100.00),(1091,29,5,1,'2025/26','Semester 1',NULL,'2025-12-20 17:21:52','[{\"label\": \"FA\", \"score\": 20, \"maxScore\": 20}]','[]',94.00,100.00),(1092,4,5,1,'2025/26','Semester 1',NULL,'2025-12-20 17:21:52','[{\"label\": \"FA\", \"score\": 19.8, \"maxScore\": 20}]','[]',96.00,100.00),(1093,33,5,1,'2025/26','Semester 1',NULL,'2025-12-20 17:21:52','[{\"label\": \"FA\", \"score\": 16, \"maxScore\": 20}]','[]',90.00,100.00),(1094,32,5,1,'2025/26','Semester 1',NULL,'2025-12-20 17:21:52','[{\"label\": \"FA\", \"score\": 16.4, \"maxScore\": 20}]','[]',84.00,100.00),(1095,5,5,1,'2025/26','Semester 1',NULL,'2025-12-20 17:21:54','[{\"label\": \"FA\", \"score\": 18.81, \"maxScore\": 20}]','[]',98.00,100.00),(1096,7,3,1,'2025/26','Semester 1',NULL,'2025-12-20 17:28:05','[{\"label\": \"FA\", \"score\": 16.4, \"maxScore\": 20}]','[]',86.00,100.00),(1097,2,3,1,'2025/26','Semester 1',NULL,'2025-12-20 17:28:05','[{\"label\": \"FA\", \"score\": 16.8, \"maxScore\": 20}]','[]',89.00,100.00),(1098,36,3,1,'2025/26','Semester 1',NULL,'2025-12-20 17:28:05','[{\"label\": \"FA\", \"score\": 13, \"maxScore\": 20}]','[]',40.00,100.00),(1099,1,3,1,'2025/26','Semester 1',NULL,'2025-12-20 17:28:05','[{\"label\": \"FA\", \"score\": 18.3, \"maxScore\": 20}]','[]',94.00,100.00),(1100,3,3,1,'2025/26','Semester 1',NULL,'2025-12-20 17:28:05','[{\"label\": \"FA\", \"score\": 14.8, \"maxScore\": 20}]','[]',77.00,100.00),(1101,31,3,1,'2025/26','Semester 1',NULL,'2025-12-20 17:28:05','[{\"label\": \"FA\", \"score\": 17.77, \"maxScore\": 20}]','[]',93.00,100.00),(1102,8,3,1,'2025/26','Semester 1',NULL,'2025-12-20 17:28:07','[{\"label\": \"FA\", \"score\": 15.2, \"maxScore\": 20}]','[]',62.00,100.00),(1103,30,3,1,'2025/26','Semester 1',NULL,'2025-12-20 17:28:07','[{\"label\": \"FA\", \"score\": 15, \"maxScore\": 20}]','[]',69.00,100.00),(1104,9,3,1,'2025/26','Semester 1',NULL,'2025-12-20 17:28:07','[{\"label\": \"FA\", \"score\": 15.78, \"maxScore\": 20}]','[]',78.00,100.00),(1105,37,3,1,'2025/26','Semester 1',NULL,'2025-12-20 17:28:07','[{\"label\": \"FA\", \"score\": 6, \"maxScore\": 20}]','[]',53.00,100.00),(1106,35,3,1,'2025/26','Semester 1',NULL,'2025-12-20 17:28:07','[{\"label\": \"FA\", \"score\": 15.18, \"maxScore\": 20}]','[]',91.01,100.00),(1107,34,3,1,'2025/26','Semester 1',NULL,'2025-12-20 17:28:08','[{\"label\": \"FA\", \"score\": 14.2, \"maxScore\": 20}]','[]',67.00,100.00),(1108,29,3,1,'2025/26','Semester 1',NULL,'2025-12-20 17:28:08','[{\"label\": \"FA\", \"score\": 18.6, \"maxScore\": 20}]','[]',97.00,100.00),(1109,4,3,1,'2025/26','Semester 1',NULL,'2025-12-20 17:28:09','[{\"label\": \"FA\", \"score\": 18, \"maxScore\": 20}]','[]',86.00,100.00),(1110,33,3,1,'2025/26','Semester 1',NULL,'2025-12-20 17:28:09','[{\"label\": \"FA\", \"score\": 15.6, \"maxScore\": 20}]','[]',66.00,100.00),(1111,32,3,1,'2025/26','Semester 1',NULL,'2025-12-20 17:28:09','[{\"label\": \"FA\", \"score\": 5.32, \"maxScore\": 20}]','[]',35.00,100.00),(1112,5,3,1,'2025/26','Semester 1',NULL,'2025-12-20 17:28:09','[{\"label\": \"FA\", \"score\": 14.2, \"maxScore\": 20}]','[]',57.00,100.00),(1113,6,3,1,'2025/26','Semester 1',NULL,'2025-12-20 17:30:18','[{\"label\": \"FA\", \"score\": 1, \"maxScore\": 20}]','[]',10.00,100.00),(1114,7,13,1,'2025/26','Semester 1',NULL,'2025-12-20 17:51:59','[{\"label\": \"FA\", \"score\": 13.7, \"maxScore\": 20}]','[]',80.00,100.00),(1115,36,13,1,'2025/26','Semester 1',NULL,'2025-12-20 17:51:59','[{\"label\": \"FA\", \"score\": 13.2, \"maxScore\": 20}]','[]',70.00,100.00),(1116,2,13,1,'2025/26','Semester 1',NULL,'2025-12-20 17:51:59','[{\"label\": \"FA\", \"score\": 15.7, \"maxScore\": 20}]','[]',86.70,100.00),(1117,1,13,1,'2025/26','Semester 1',NULL,'2025-12-20 17:51:59','[{\"label\": \"FA\", \"score\": 16.7, \"maxScore\": 20}]','[]',100.00,100.00),(1118,30,13,1,'2025/26','Semester 1',NULL,'2025-12-20 17:52:00','[{\"label\": \"FA\", \"score\": 17.4, \"maxScore\": 20}]','[]',86.70,100.00),(1119,3,13,1,'2025/26','Semester 1',NULL,'2025-12-20 17:51:59','[{\"label\": \"FA\", \"score\": 16, \"maxScore\": 20}]','[]',100.00,100.00),(1120,8,13,1,'2025/26','Semester 1',NULL,'2025-12-20 17:52:01','[{\"label\": \"FA\", \"score\": 16.2, \"maxScore\": 20}]','[]',93.00,100.00),(1121,37,13,1,'2025/26','Semester 1',NULL,'2025-12-20 17:52:01','[{\"label\": \"FA\", \"score\": 6, \"maxScore\": 20}]','[]',66.70,100.00),(1122,31,13,1,'2025/26','Semester 1',NULL,'2025-12-20 17:52:01','[{\"label\": \"FA\", \"score\": 18.5, \"maxScore\": 20}]','[]',100.00,100.00),(1123,9,13,1,'2025/26','Semester 1',NULL,'2025-12-20 17:52:01','[{\"label\": \"FA\", \"score\": 9.9, \"maxScore\": 20}]','[]',83.30,100.00),(1124,10,13,1,'2025/26','Semester 1',NULL,'2025-12-20 17:52:01','[{\"label\": \"FA\", \"score\": 12.7, \"maxScore\": 20}]','[]',66.70,100.00),(1125,35,13,1,'2025/26','Semester 1',NULL,'2025-12-20 17:52:01','[{\"label\": \"FA\", \"score\": 10.4, \"maxScore\": 20}]','[]',86.70,100.00),(1126,29,13,1,'2025/26','Semester 1',NULL,'2025-12-20 17:52:03','[{\"label\": \"FA\", \"score\": 20, \"maxScore\": 20}]','[]',100.00,100.00),(1127,6,13,1,'2025/26','Semester 1',NULL,'2025-12-20 17:52:03','[{\"label\": \"FA\", \"score\": 9.7, \"maxScore\": 20}]','[]',70.00,100.00),(1128,4,13,1,'2025/26','Semester 1',NULL,'2025-12-20 17:52:03','[{\"label\": \"FA\", \"score\": 17.4, \"maxScore\": 20}]','[]',86.70,100.00),(1129,34,13,1,'2025/26','Semester 1',NULL,'2025-12-20 17:52:03','[{\"label\": \"FA\", \"score\": 13.4, \"maxScore\": 20}]','[]',76.70,100.00),(1130,33,13,1,'2025/26','Semester 1',NULL,'2025-12-20 17:52:03','[{\"label\": \"FA\", \"score\": 17.7, \"maxScore\": 20}]','[]',93.30,100.00),(1131,32,13,1,'2025/26','Semester 1',NULL,'2025-12-20 17:52:03','[{\"label\": \"FA\", \"score\": 17.7, \"maxScore\": 20}]','[]',86.70,100.00),(1132,5,13,1,'2025/26','Semester 1',NULL,'2025-12-20 17:52:04','[{\"label\": \"FA\", \"score\": 20, \"maxScore\": 20}]','[]',100.00,100.00),(1133,36,8,1,'2025/26','Semester 1',NULL,'2025-12-20 17:59:02','[{\"label\": \"FA\", \"score\": 16, \"maxScore\": 20}]','[]',80.00,100.00),(1134,7,8,1,'2025/26','Semester 1',NULL,'2025-12-20 17:59:03','[{\"label\": \"FA\", \"score\": 17.5, \"maxScore\": 20}]','[]',76.70,100.00),(1135,1,8,1,'2025/26','Semester 1',NULL,'2025-12-20 17:59:03','[{\"label\": \"FA\", \"score\": 18.5, \"maxScore\": 20}]','[]',100.00,100.00),(1136,3,8,1,'2025/26','Semester 1',NULL,'2025-12-20 17:59:03','[{\"label\": \"FA\", \"score\": 17, \"maxScore\": 20}]','[]',93.30,100.00),(1137,30,8,1,'2025/26','Semester 1',NULL,'2025-12-20 17:59:03','[{\"label\": \"FA\", \"score\": 16.5, \"maxScore\": 20}]','[]',86.70,100.00),(1138,2,8,1,'2025/26','Semester 1',NULL,'2025-12-20 17:59:03','[{\"label\": \"FA\", \"score\": 17, \"maxScore\": 20}]','[]',80.00,100.00),(1139,8,8,1,'2025/26','Semester 1',NULL,'2025-12-20 17:59:05','[{\"label\": \"FA\", \"score\": 14, \"maxScore\": 20}]','[]',86.70,100.00),(1140,10,8,1,'2025/26','Semester 1',NULL,'2025-12-20 17:59:05','[{\"label\": \"FA\", \"score\": 14, \"maxScore\": 20}]','[]',73.30,100.00),(1141,9,8,1,'2025/26','Semester 1',NULL,'2025-12-20 17:59:05','[{\"label\": \"FA\", \"score\": 17, \"maxScore\": 20}]','[]',83.30,100.00),(1142,37,8,1,'2025/26','Semester 1',NULL,'2025-12-20 17:59:05','[{\"label\": \"FA\", \"score\": 8, \"maxScore\": 20}]','[]',90.00,100.00),(1143,31,8,1,'2025/26','Semester 1',NULL,'2025-12-20 17:59:05','[{\"label\": \"FA\", \"score\": 15, \"maxScore\": 20}]','[]',93.30,100.00),(1144,35,8,1,'2025/26','Semester 1',NULL,'2025-12-20 17:59:05','[{\"label\": \"FA\", \"score\": 16.5, \"maxScore\": 20}]','[]',86.70,100.00),(1145,34,8,1,'2025/26','Semester 1',NULL,'2025-12-20 17:59:07','[{\"label\": \"FA\", \"score\": 13.5, \"maxScore\": 20}]','[]',93.30,100.00),(1146,29,8,1,'2025/26','Semester 1',NULL,'2025-12-20 17:59:07','[{\"label\": \"FA\", \"score\": 14, \"maxScore\": 20}]','[]',100.00,100.00),(1147,6,8,1,'2025/26','Semester 1',NULL,'2025-12-20 17:59:07','[{\"label\": \"FA\", \"score\": 10, \"maxScore\": 20}]','[]',60.00,100.00),(1148,33,8,1,'2025/26','Semester 1',NULL,'2025-12-20 17:59:07','[{\"label\": \"FA\", \"score\": 18, \"maxScore\": 20}]','[]',83.30,100.00),(1149,4,8,1,'2025/26','Semester 1',NULL,'2025-12-20 17:59:07','[{\"label\": \"FA\", \"score\": 18, \"maxScore\": 20}]','[]',93.30,100.00),(1150,32,8,1,'2025/26','Semester 1',NULL,'2025-12-20 17:59:07','[{\"label\": \"FA\", \"score\": 15, \"maxScore\": 20}]','[]',86.70,100.00),(1151,5,8,1,'2025/26','Semester 1',NULL,'2025-12-20 17:59:08','[{\"label\": \"FA\", \"score\": 20, \"maxScore\": 20}]','[]',93.30,100.00),(1152,7,15,1,'2025/26','Semester 1',NULL,'2025-12-20 18:02:59','[{\"label\": \"FA\", \"score\": 15.7, \"maxScore\": 20}]','[]',90.00,100.00),(1153,30,15,1,'2025/26','Semester 1',NULL,'2025-12-20 18:02:59','[{\"label\": \"FA\", \"score\": 17.9, \"maxScore\": 20}]','[]',80.00,100.00),(1154,3,15,1,'2025/26','Semester 1',NULL,'2025-12-20 18:02:59','[{\"label\": \"FA\", \"score\": 11.7, \"maxScore\": 20}]','[]',86.70,100.00),(1155,2,15,1,'2025/26','Semester 1',NULL,'2025-12-20 18:02:59','[{\"label\": \"FA\", \"score\": 18.4, \"maxScore\": 20}]','[]',93.00,100.00),(1156,36,15,1,'2025/26','Semester 1',NULL,'2025-12-20 18:02:59','[{\"label\": \"FA\", \"score\": 14, \"maxScore\": 20}]','[]',70.00,100.00),(1157,1,15,1,'2025/26','Semester 1',NULL,'2025-12-20 18:02:59','[{\"label\": \"FA\", \"score\": 16.5, \"maxScore\": 20}]','[]',96.70,100.00),(1158,8,15,1,'2025/26','Semester 1',NULL,'2025-12-20 18:03:00','[{\"label\": \"FA\", \"score\": 18.7, \"maxScore\": 20}]','[]',90.00,100.00),(1159,31,15,1,'2025/26','Semester 1',NULL,'2025-12-20 18:03:00','[{\"label\": \"FA\", \"score\": 18.9, \"maxScore\": 20}]','[]',100.00,100.00),(1160,10,15,1,'2025/26','Semester 1',NULL,'2025-12-20 18:03:00','[{\"label\": \"FA\", \"score\": 16.5, \"maxScore\": 20}]','[]',80.00,100.00),(1161,37,15,1,'2025/26','Semester 1',NULL,'2025-12-20 18:03:00','[{\"label\": \"FA\", \"score\": 6.7, \"maxScore\": 20}]','[]',76.60,100.00),(1162,9,15,1,'2025/26','Semester 1',NULL,'2025-12-20 18:03:01','[{\"label\": \"FA\", \"score\": 16.9, \"maxScore\": 20}]','[]',80.00,100.00),(1163,35,15,1,'2025/26','Semester 1',NULL,'2025-12-20 18:03:01','[{\"label\": \"FA\", \"score\": 15.5, \"maxScore\": 20}]','[]',93.30,100.00),(1164,6,15,1,'2025/26','Semester 1',NULL,'2025-12-20 18:03:02','[{\"label\": \"FA\", \"score\": 0.5, \"maxScore\": 20}]','[]',6.67,100.00),(1165,29,15,1,'2025/26','Semester 1',NULL,'2025-12-20 18:03:02','[{\"label\": \"FA\", \"score\": 19.7, \"maxScore\": 20}]','[]',100.00,100.00),(1166,34,15,1,'2025/26','Semester 1',NULL,'2025-12-20 18:03:02','[{\"label\": \"FA\", \"score\": 14, \"maxScore\": 20}]','[]',70.00,100.00),(1167,33,15,1,'2025/26','Semester 1',NULL,'2025-12-20 18:03:02','[{\"label\": \"FA\", \"score\": 14.7, \"maxScore\": 20}]','[]',80.00,100.00),(1168,4,15,1,'2025/26','Semester 1',NULL,'2025-12-20 18:03:02','[{\"label\": \"FA\", \"score\": 18.7, \"maxScore\": 20}]','[]',93.30,100.00),(1169,32,15,1,'2025/26','Semester 1',NULL,'2025-12-20 18:03:02','[{\"label\": \"FA\", \"score\": 11.2, \"maxScore\": 20}]','[]',70.00,100.00),(1170,5,15,1,'2025/26','Semester 1',NULL,'2025-12-20 18:03:03','[{\"label\": \"FA\", \"score\": 16, \"maxScore\": 20}]','[]',93.30,100.00),(1171,2,18,1,'2025/26','Semester 1',NULL,'2025-12-20 18:09:28','[{\"label\": \"FA\", \"score\": 17, \"maxScore\": 20}]','[]',85.00,100.00),(1172,1,18,1,'2025/26','Semester 1',NULL,'2025-12-20 18:09:28','[{\"label\": \"FA\", \"score\": 18.5, \"maxScore\": 20}]','[]',90.00,100.00),(1173,7,18,1,'2025/26','Semester 1',NULL,'2025-12-20 18:09:28','[{\"label\": \"FA\", \"score\": 16.5, \"maxScore\": 20}]','[]',71.00,100.00),(1174,36,18,1,'2025/26','Semester 1',NULL,'2025-12-20 18:09:28','[{\"label\": \"FA\", \"score\": 12, \"maxScore\": 20}]','[]',34.00,100.00),(1175,3,18,1,'2025/26','Semester 1',NULL,'2025-12-20 18:09:28','[{\"label\": \"FA\", \"score\": 18, \"maxScore\": 20}]','[]',75.00,100.00),(1176,30,18,1,'2025/26','Semester 1',NULL,'2025-12-20 18:09:28','[{\"label\": \"FA\", \"score\": 15.5, \"maxScore\": 20}]','[]',83.00,100.00),(1177,31,18,1,'2025/26','Semester 1',NULL,'2025-12-20 18:09:30','[{\"label\": \"FA\", \"score\": 16, \"maxScore\": 20}]','[]',89.00,100.00),(1178,8,18,1,'2025/26','Semester 1',NULL,'2025-12-20 18:09:30','[{\"label\": \"FA\", \"score\": 13.5, \"maxScore\": 20}]','[]',71.00,100.00),(1179,10,18,1,'2025/26','Semester 1',NULL,'2025-12-20 18:09:31','[{\"label\": \"FA\", \"score\": 13, \"maxScore\": 20}]','[]',42.00,100.00),(1180,35,18,1,'2025/26','Semester 1',NULL,'2025-12-20 18:09:31','[{\"label\": \"FA\", \"score\": 15, \"maxScore\": 20}]','[]',74.00,100.00),(1181,9,18,1,'2025/26','Semester 1',NULL,'2025-12-20 18:09:31','[{\"label\": \"FA\", \"score\": 12, \"maxScore\": 20}]','[]',52.00,100.00),(1182,37,18,1,'2025/26','Semester 1',NULL,'2025-12-20 18:09:30','[{\"label\": \"FA\", \"score\": 7.5, \"maxScore\": 20}]','[]',60.00,100.00),(1183,6,18,1,'2025/26','Semester 1',NULL,'2025-12-20 18:09:32','[{\"label\": \"FA\", \"score\": 9, \"maxScore\": 20}]','[]',27.00,100.00),(1184,34,18,1,'2025/26','Semester 1',NULL,'2025-12-20 18:09:32','[{\"label\": \"FA\", \"score\": 15, \"maxScore\": 20}]','[]',63.00,100.00),(1185,4,18,1,'2025/26','Semester 1',NULL,'2025-12-20 18:09:32','[{\"label\": \"FA\", \"score\": 17, \"maxScore\": 20}]','[]',79.00,100.00),(1186,33,18,1,'2025/26','Semester 1',NULL,'2025-12-20 18:09:32','[{\"label\": \"FA\", \"score\": 15, \"maxScore\": 20}]','[]',63.00,100.00),(1187,29,18,1,'2025/26','Semester 1',NULL,'2025-12-20 18:09:32','[{\"label\": \"FA\", \"score\": 16, \"maxScore\": 20}]','[]',98.00,100.00),(1188,32,18,1,'2025/26','Semester 1',NULL,'2025-12-20 18:09:32','[{\"label\": \"FA\", \"score\": 12, \"maxScore\": 20}]','[]',26.00,100.00),(1189,5,18,1,'2025/26','Semester 1',NULL,'2025-12-20 18:09:34','[{\"label\": \"FA\", \"score\": 16, \"maxScore\": 20}]','[]',79.00,100.00),(1190,36,12,1,'2025/26','Semester 1',NULL,'2025-12-20 18:15:17','[{\"label\": \"FA\", \"score\": 13.6, \"maxScore\": 20}]','[]',70.00,100.00),(1191,7,12,1,'2025/26','Semester 1',NULL,'2025-12-20 18:15:17','[{\"label\": \"FA\", \"score\": 19.2, \"maxScore\": 20}]','[]',90.00,100.00),(1192,1,12,1,'2025/26','Semester 1',NULL,'2025-12-20 18:15:17','[{\"label\": \"FA\", \"score\": 18, \"maxScore\": 20}]','[]',95.00,100.00),(1193,3,12,1,'2025/26','Semester 1',NULL,'2025-12-20 18:15:17','[{\"label\": \"FA\", \"score\": 13.6, \"maxScore\": 20}]','[]',65.00,100.00),(1194,2,12,1,'2025/26','Semester 1',NULL,'2025-12-20 18:15:17','[{\"label\": \"FA\", \"score\": 10.8, \"maxScore\": 20}]','[]',75.00,100.00),(1195,30,12,1,'2025/26','Semester 1',NULL,'2025-12-20 18:15:17','[{\"label\": \"FA\", \"score\": 16.4, \"maxScore\": 20}]','[]',95.00,100.00),(1196,9,12,1,'2025/26','Semester 1',NULL,'2025-12-20 18:15:18','[{\"label\": \"FA\", \"score\": 15.6, \"maxScore\": 20}]','[]',85.00,100.00),(1197,31,12,1,'2025/26','Semester 1',NULL,'2025-12-20 18:15:19','[{\"label\": \"FA\", \"score\": 15.6, \"maxScore\": 20}]','[]',100.00,100.00),(1198,37,12,1,'2025/26','Semester 1',NULL,'2025-12-20 18:15:19','[{\"label\": \"FA\", \"score\": 13.6, \"maxScore\": 20}]','[]',76.70,100.00),(1199,8,12,1,'2025/26','Semester 1',NULL,'2025-12-20 18:15:19','[{\"label\": \"FA\", \"score\": 14, \"maxScore\": 20}]','[]',85.00,100.00),(1200,10,12,1,'2025/26','Semester 1',NULL,'2025-12-20 18:15:19','[{\"label\": \"FA\", \"score\": 9.6, \"maxScore\": 20}]','[]',75.00,100.00),(1201,35,12,1,'2025/26','Semester 1',NULL,'2025-12-20 18:15:19','[{\"label\": \"FA\", \"score\": 15, \"maxScore\": 20}]','[]',93.30,100.00),(1202,6,12,1,'2025/26','Semester 1',NULL,'2025-12-20 18:15:20','[{\"label\": \"FA\", \"score\": 7.5, \"maxScore\": 20}]','[]',92.00,100.00),(1203,29,12,1,'2025/26','Semester 1',NULL,'2025-12-20 18:15:20','[{\"label\": \"FA\", \"score\": 19.6, \"maxScore\": 20}]','[]',95.00,100.00),(1204,34,12,1,'2025/26','Semester 1',NULL,'2025-12-20 18:15:20','[{\"label\": \"FA\", \"score\": 14.4, \"maxScore\": 20}]','[]',70.00,100.00),(1205,4,12,1,'2025/26','Semester 1',NULL,'2025-12-20 18:15:20','[{\"label\": \"FA\", \"score\": 16.8, \"maxScore\": 20}]','[]',90.00,100.00),(1206,33,12,1,'2025/26','Semester 1',NULL,'2025-12-20 18:15:20','[{\"label\": \"FA\", \"score\": 9.6, \"maxScore\": 20}]','[]',80.00,100.00),(1207,32,12,1,'2025/26','Semester 1',NULL,'2025-12-20 18:15:20','[{\"label\": \"FA\", \"score\": 8.6, \"maxScore\": 20}]','[]',70.00,100.00),(1208,5,12,1,'2025/26','Semester 1',NULL,'2025-12-20 18:15:21','[{\"label\": \"FA\", \"score\": 19, \"maxScore\": 20}]','[]',85.00,100.00),(1209,1,16,1,'2025/26','Semester 1',NULL,'2025-12-20 18:19:11','[{\"label\": \"FA\", \"score\": 15, \"maxScore\": 20}]','[]',90.00,100.00),(1210,2,16,1,'2025/26','Semester 1',NULL,'2025-12-20 18:19:11','[{\"label\": \"FA\", \"score\": 15.5, \"maxScore\": 20}]','[]',85.00,100.00),(1211,3,16,1,'2025/26','Semester 1',NULL,'2025-12-20 18:19:11','[{\"label\": \"FA\", \"score\": 15.5, \"maxScore\": 20}]','[]',75.00,100.00),(1212,7,16,1,'2025/26','Semester 1',NULL,'2025-12-20 18:19:11','[{\"label\": \"FA\", \"score\": 15, \"maxScore\": 20}]','[]',71.00,100.00),(1213,36,16,1,'2025/26','Semester 1',NULL,'2025-12-20 18:19:11','[{\"label\": \"FA\", \"score\": 11.49, \"maxScore\": 20}]','[]',34.00,100.00),(1214,30,16,1,'2025/26','Semester 1',NULL,'2025-12-20 18:19:11','[{\"label\": \"FA\", \"score\": 14.5, \"maxScore\": 20}]','[]',83.00,100.00),(1215,37,16,1,'2025/26','Semester 1',NULL,'2025-12-20 18:19:13','[{\"label\": \"FA\", \"score\": 7.5, \"maxScore\": 20}]','[]',60.00,100.00),(1216,8,16,1,'2025/26','Semester 1',NULL,'2025-12-20 18:19:13','[{\"label\": \"FA\", \"score\": 13.5, \"maxScore\": 20}]','[]',31.00,100.00),(1217,9,16,1,'2025/26','Semester 1',NULL,'2025-12-20 18:19:13','[{\"label\": \"FA\", \"score\": 13, \"maxScore\": 20}]','[]',52.00,100.00),(1218,31,16,1,'2025/26','Semester 1',NULL,'2025-12-20 18:19:13','[{\"label\": \"FA\", \"score\": 15, \"maxScore\": 20}]','[]',89.00,100.00),(1219,10,16,1,'2025/26','Semester 1',NULL,'2025-12-20 18:19:13','[{\"label\": \"FA\", \"score\": 11.5, \"maxScore\": 20}]','[]',42.00,100.00),(1220,35,16,1,'2025/26','Semester 1',NULL,'2025-12-20 18:19:13','[{\"label\": \"FA\", \"score\": 11.5, \"maxScore\": 20}]','[]',74.00,100.00),(1221,34,16,1,'2025/26','Semester 1',NULL,'2025-12-20 18:19:14','[{\"label\": \"FA\", \"score\": 13.5, \"maxScore\": 20}]','[]',62.00,100.00),(1222,6,16,1,'2025/26','Semester 1',NULL,'2025-12-20 18:19:14','[{\"label\": \"FA\", \"score\": 8.5, \"maxScore\": 20}]','[]',27.00,100.00),(1223,29,16,1,'2025/26','Semester 1',NULL,'2025-12-20 18:19:14','[{\"label\": \"FA\", \"score\": 15, \"maxScore\": 20}]','[]',98.00,100.00),(1224,4,16,1,'2025/26','Semester 1',NULL,'2025-12-20 18:19:14','[{\"label\": \"FA\", \"score\": 15, \"maxScore\": 20}]','[]',79.00,100.00),(1225,33,16,1,'2025/26','Semester 1',NULL,'2025-12-20 18:19:15','[{\"label\": \"FA\", \"score\": 13.5, \"maxScore\": 20}]','[]',63.00,100.00),(1226,32,16,1,'2025/26','Semester 1',NULL,'2025-12-20 18:19:15','[{\"label\": \"FA\", \"score\": 14, \"maxScore\": 20}]','[]',26.00,100.00),(1227,5,16,1,'2025/26','Semester 1',NULL,'2025-12-20 18:19:15','[{\"label\": \"FA\", \"score\": 15.5, \"maxScore\": 20}]','[]',74.00,100.00),(1228,7,22,1,'2025/26','Semester 1',NULL,'2025-12-20 18:23:39','[{\"label\": \"FA\", \"score\": 11, \"maxScore\": 20}]','[]',71.00,100.00),(1229,3,22,1,'2025/26','Semester 1',NULL,'2025-12-20 18:23:40','[{\"label\": \"FA\", \"score\": 14, \"maxScore\": 20}]','[]',75.00,100.00),(1230,2,22,1,'2025/26','Semester 1',NULL,'2025-12-20 18:23:40','[{\"label\": \"FA\", \"score\": 20, \"maxScore\": 20}]','[]',87.00,100.00),(1231,30,22,1,'2025/26','Semester 1',NULL,'2025-12-20 18:23:40','[{\"label\": \"FA\", \"score\": 18.4, \"maxScore\": 20}]','[]',85.00,100.00),(1232,1,22,1,'2025/26','Semester 1',NULL,'2025-12-20 18:23:40','[{\"label\": \"FA\", \"score\": 16, \"maxScore\": 20}]','[]',98.00,100.00),(1233,36,22,1,'2025/26','Semester 1',NULL,'2025-12-20 18:23:40','[{\"label\": \"FA\", \"score\": 17, \"maxScore\": 20}]','[]',85.00,100.00),(1234,8,22,1,'2025/26','Semester 1',NULL,'2025-12-20 18:23:41','[{\"label\": \"FA\", \"score\": 16, \"maxScore\": 20}]','[]',31.00,100.00),(1235,37,22,1,'2025/26','Semester 1',NULL,'2025-12-20 18:23:41','[{\"label\": \"FA\", \"score\": 6, \"maxScore\": 20}]','[]',73.00,100.00),(1236,9,22,1,'2025/26','Semester 1',NULL,'2025-12-20 18:23:41','[{\"label\": \"FA\", \"score\": 16, \"maxScore\": 20}]','[]',52.00,100.00),(1237,10,22,1,'2025/26','Semester 1',NULL,'2025-12-20 18:23:41','[{\"label\": \"FA\", \"score\": 14, \"maxScore\": 20}]','[]',42.00,100.00),(1238,31,22,1,'2025/26','Semester 1',NULL,'2025-12-20 18:23:41','[{\"label\": \"FA\", \"score\": 17, \"maxScore\": 20}]','[]',100.00,100.00),(1239,35,22,1,'2025/26','Semester 1',NULL,'2025-12-20 18:23:41','[{\"label\": \"FA\", \"score\": 11, \"maxScore\": 20}]','[]',91.00,100.00),(1240,34,22,1,'2025/26','Semester 1',NULL,'2025-12-20 18:23:42','[{\"label\": \"FA\", \"score\": 16, \"maxScore\": 20}]','[]',95.00,100.00),(1241,6,22,1,'2025/26','Semester 1',NULL,'2025-12-20 18:23:42','[{\"label\": \"FA\", \"score\": 11, \"maxScore\": 20}]','[]',27.00,100.00),(1242,4,22,1,'2025/26','Semester 1',NULL,'2025-12-20 18:23:42','[{\"label\": \"FA\", \"score\": 18.4, \"maxScore\": 20}]','[]',79.00,100.00),(1243,29,22,1,'2025/26','Semester 1',NULL,'2025-12-20 18:23:42','[{\"label\": \"FA\", \"score\": 20, \"maxScore\": 20}]','[]',98.00,100.00),(1244,33,22,1,'2025/26','Semester 1',NULL,'2025-12-20 18:23:42','[{\"label\": \"FA\", \"score\": 15, \"maxScore\": 20}]','[]',93.00,100.00),(1245,32,22,1,'2025/26','Semester 1',NULL,'2025-12-20 18:23:43','[{\"label\": \"FA\", \"score\": 13, \"maxScore\": 20}]','[]',70.00,100.00),(1246,5,22,1,'2025/26','Semester 1',NULL,'2025-12-20 18:23:43','[{\"label\": \"FA\", \"score\": 18.4, \"maxScore\": 20}]','[]',74.00,100.00),(1247,2,19,1,'2025/26','Semester 1',NULL,'2025-12-20 18:29:08','[{\"label\": \"FA\", \"score\": 15.5, \"maxScore\": 20}]','[]',70.00,100.00),(1248,7,19,1,'2025/26','Semester 1',NULL,'2025-12-20 18:29:08','[{\"label\": \"FA\", \"score\": 13.5, \"maxScore\": 20}]','[]',82.00,100.00),(1249,5,19,1,'2025/26','Semester 1',NULL,'2025-12-20 18:29:08','[{\"label\": \"FA\", \"score\": 16, \"maxScore\": 20}]','[]',76.00,100.00),(1250,3,19,1,'2025/26','Semester 1',NULL,'2025-12-20 18:29:09','[{\"label\": \"FA\", \"score\": 14, \"maxScore\": 20}]','[]',78.00,100.00),(1251,36,19,1,'2025/26','Semester 1',NULL,'2025-12-20 18:29:08','[{\"label\": \"FA\", \"score\": 13, \"maxScore\": 20}]','[]',60.00,100.00),(1252,1,19,1,'2025/26','Semester 1',NULL,'2025-12-20 18:29:09','[{\"label\": \"FA\", \"score\": 15.5, \"maxScore\": 20}]','[]',89.00,100.00),(1253,8,19,1,'2025/26','Semester 1',NULL,'2025-12-20 18:29:10','[{\"label\": \"FA\", \"score\": 14, \"maxScore\": 20}]','[]',82.00,100.00),(1254,31,19,1,'2025/26','Semester 1',NULL,'2025-12-20 18:29:10','[{\"label\": \"FA\", \"score\": 19.5, \"maxScore\": 20}]','[]',90.00,100.00),(1255,30,19,1,'2025/26','Semester 1',NULL,'2025-12-20 18:29:10','[{\"label\": \"FA\", \"score\": 15.5, \"maxScore\": 20}]','[]',63.00,100.00),(1256,9,19,1,'2025/26','Semester 1',NULL,'2025-12-20 18:29:10','[{\"label\": \"FA\", \"score\": 13.5, \"maxScore\": 20}]','[]',68.00,100.00),(1257,37,19,1,'2025/26','Semester 1',NULL,'2025-12-20 18:29:10','[{\"label\": \"FA\", \"score\": 5.5, \"maxScore\": 20}]','[]',55.00,100.00),(1258,10,19,1,'2025/26','Semester 1',NULL,'2025-12-20 18:29:10','[{\"label\": \"FA\", \"score\": 13, \"maxScore\": 20}]','[]',48.00,100.00),(1259,35,19,1,'2025/26','Semester 1',NULL,'2025-12-20 18:29:11','[{\"label\": \"FA\", \"score\": 17, \"maxScore\": 20}]','[]',84.00,100.00),(1260,29,19,1,'2025/26','Semester 1',NULL,'2025-12-20 18:29:12','[{\"label\": \"FA\", \"score\": 17.5, \"maxScore\": 20}]','[]',97.00,100.00),(1261,34,19,1,'2025/26','Semester 1',NULL,'2025-12-20 18:29:12','[{\"label\": \"FA\", \"score\": 12.5, \"maxScore\": 20}]','[]',46.00,100.00),(1262,6,19,1,'2025/26','Semester 1',NULL,'2025-12-20 18:29:12','[{\"label\": \"FA\", \"score\": 8.5, \"maxScore\": 20}]','[]',50.00,100.00),(1263,4,19,1,'2025/26','Semester 1',NULL,'2025-12-20 18:29:12','[{\"label\": \"FA\", \"score\": 14.5, \"maxScore\": 20}]','[]',91.00,100.00),(1264,33,19,1,'2025/26','Semester 1',NULL,'2025-12-20 18:29:12','[{\"label\": \"FA\", \"score\": 15.5, \"maxScore\": 20}]','[]',90.00,100.00),(1265,32,19,1,'2025/26','Semester 1',NULL,'2025-12-20 18:29:13','[{\"label\": \"FA\", \"score\": 13, \"maxScore\": 20}]','[]',46.00,100.00),(1266,39,51,5,'2025/26','Semester 1',NULL,'2025-12-20 22:44:51','[{\"label\": \"FA\", \"score\": 69.6, \"maxScore\": 100}]','[]',55.00,100.00),(1267,46,51,5,'2025/26','Semester 1',NULL,'2025-12-20 22:44:51','[{\"label\": \"FA\", \"score\": 61.1, \"maxScore\": 100}]','[]',78.00,100.00),(1268,42,51,5,'2025/26','Semester 1',NULL,'2025-12-20 22:44:51','[{\"label\": \"FA\", \"score\": 79.6, \"maxScore\": 100}]','[]',87.00,100.00),(1269,43,51,5,'2025/26','Semester 1',NULL,'2025-12-20 22:44:51','[{\"label\": \"FA\", \"score\": 75.4, \"maxScore\": 100}]','[]',85.00,100.00),(1270,44,51,5,'2025/26','Semester 1',NULL,'2025-12-20 22:44:51','[{\"label\": \"FA\", \"score\": 77.1, \"maxScore\": 100}]','[]',94.00,100.00),(1271,45,51,5,'2025/26','Semester 1',NULL,'2025-12-20 22:44:51','[{\"label\": \"FA\", \"score\": 86.8, \"maxScore\": 100}]','[]',89.00,100.00),(1272,41,51,5,'2025/26','Semester 1',NULL,'2025-12-20 22:44:53','[{\"label\": \"FA\", \"score\": 80.7, \"maxScore\": 100}]','[]',88.00,100.00),(1273,38,51,5,'2025/26','Semester 1',NULL,'2025-12-20 22:44:53','[{\"label\": \"FA\", \"score\": 79.3, \"maxScore\": 100}]','[]',87.00,100.00),(1274,40,51,5,'2025/26','Semester 1',NULL,'2025-12-20 22:44:53','[{\"label\": \"FA\", \"score\": 73.9, \"maxScore\": 100}]','[]',80.00,100.00),(1275,42,53,5,'2025/26','Semester 1',NULL,'2025-12-20 22:47:46','[{\"label\": \"FA\", \"score\": 78, \"maxScore\": 100}]','[]',91.50,100.00),(1276,46,53,5,'2025/26','Semester 1',NULL,'2025-12-20 22:47:46','[{\"label\": \"FA\", \"score\": 62.6, \"maxScore\": 100}]','[]',94.50,100.00),(1277,40,53,5,'2025/26','Semester 1',NULL,'2025-12-20 22:47:46','[{\"label\": \"FA\", \"score\": 77.2, \"maxScore\": 100}]','[]',83.00,100.00),(1278,39,53,5,'2025/26','Semester 1',NULL,'2025-12-20 22:47:46','[{\"label\": \"FA\", \"score\": 59.8, \"maxScore\": 100}]','[]',45.00,100.00),(1279,44,53,5,'2025/26','Semester 1',NULL,'2025-12-20 22:47:46','[{\"label\": \"FA\", \"score\": 78.4, \"maxScore\": 100}]','[]',93.00,100.00),(1280,45,53,5,'2025/26','Semester 1',NULL,'2025-12-20 22:47:46','[{\"label\": \"FA\", \"score\": 78.4, \"maxScore\": 100}]','[]',85.50,100.00),(1281,38,53,5,'2025/26','Semester 1',NULL,'2025-12-20 22:47:47','[{\"label\": \"FA\", \"score\": 80.1, \"maxScore\": 100}]','[]',77.50,100.00),(1282,43,53,5,'2025/26','Semester 1',NULL,'2025-12-20 22:47:47','[{\"label\": \"FA\", \"score\": 58.9, \"maxScore\": 100}]','[]',47.00,100.00),(1283,41,53,5,'2025/26','Semester 1',NULL,'2025-12-20 22:47:47','[{\"label\": \"FA\", \"score\": 76.8, \"maxScore\": 100}]','[]',83.00,100.00),(1284,13,19,2,'2025/26','Semester 1',NULL,'2025-12-21 06:37:18','[{\"label\": \"FA\", \"score\": 12, \"maxScore\": 20}]','[]',67.00,100.00),(1285,28,19,2,'2025/26','Semester 1',NULL,'2025-12-21 06:37:18','[{\"label\": \"FA\", \"score\": 13, \"maxScore\": 20}]','[]',67.00,100.00),(1286,14,19,2,'2025/26','Semester 1',NULL,'2025-12-21 06:37:18','[{\"label\": \"FA\", \"score\": 14, \"maxScore\": 20}]','[]',83.00,100.00),(1287,12,19,2,'2025/26','Semester 1',NULL,'2025-12-21 06:37:18','[{\"label\": \"FA\", \"score\": 15, \"maxScore\": 20}]','[]',81.00,100.00),(1288,24,19,2,'2025/26','Semester 1',NULL,'2025-12-21 06:37:18','[{\"label\": \"FA\", \"score\": 15, \"maxScore\": 20}]','[]',81.00,100.00),(1289,20,19,2,'2025/26','Semester 1',NULL,'2025-12-21 06:37:18','[{\"label\": \"FA\", \"score\": 18, \"maxScore\": 20}]','[]',88.00,100.00),(1290,19,19,2,'2025/26','Semester 1',NULL,'2025-12-21 06:37:20','[{\"label\": \"FA\", \"score\": 13, \"maxScore\": 20}]','[]',65.00,100.00),(1291,23,19,2,'2025/26','Semester 1',NULL,'2025-12-21 06:37:20','[{\"label\": \"FA\", \"score\": 13, \"maxScore\": 20}]','[]',77.00,100.00),(1292,21,19,2,'2025/26','Semester 1',NULL,'2025-12-21 06:37:20','[{\"label\": \"FA\", \"score\": 15, \"maxScore\": 20}]','[]',76.00,100.00),(1293,27,19,2,'2025/26','Semester 1',NULL,'2025-12-21 06:37:20','[{\"label\": \"FA\", \"score\": 15, \"maxScore\": 20}]','[]',62.00,100.00),(1294,22,19,2,'2025/26','Semester 1',NULL,'2025-12-21 06:37:20','[{\"label\": \"FA\", \"score\": 14, \"maxScore\": 20}]','[]',72.00,100.00),(1295,17,19,2,'2025/26','Semester 1',NULL,'2025-12-21 06:37:20','[{\"label\": \"FA\", \"score\": 16, \"maxScore\": 20}]','[]',88.00,100.00),(1296,18,19,2,'2025/26','Semester 1',NULL,'2025-12-21 06:37:21','[{\"label\": \"FA\", \"score\": 14, \"maxScore\": 20}]','[]',87.00,100.00),(1297,11,19,2,'2025/26','Semester 1',NULL,'2025-12-21 06:37:21','[{\"label\": \"FA\", \"score\": 19, \"maxScore\": 20}]','[]',95.00,100.00),(1298,26,19,2,'2025/26','Semester 1',NULL,'2025-12-21 06:37:21','[{\"label\": \"FA\", \"score\": 14, \"maxScore\": 20}]','[]',74.00,100.00),(1299,16,19,2,'2025/26','Semester 1',NULL,'2025-12-21 06:37:21','[{\"label\": \"FA\", \"score\": 14, \"maxScore\": 20}]','[]',62.00,100.00),(1300,25,19,2,'2025/26','Semester 1',NULL,'2025-12-21 06:37:21','[{\"label\": \"FA\", \"score\": 15, \"maxScore\": 20}]','[]',58.00,100.00),(1301,15,19,2,'2025/26','Semester 1',NULL,'2025-12-21 06:37:21','[{\"label\": \"FA\", \"score\": 15, \"maxScore\": 20}]','[]',78.00,100.00),(1302,38,55,5,'2025/26','Semester 1',NULL,'2025-12-21 05:49:00','[{\"label\": \"FA\", \"score\": 79, \"maxScore\": 100}]','[]',74.00,100.00),(1303,40,55,5,'2025/26','Semester 1',NULL,'2025-12-21 05:49:00','[{\"label\": \"FA\", \"score\": 94, \"maxScore\": 100}]','[]',67.00,100.00),(1304,42,55,5,'2025/26','Semester 1',NULL,'2025-12-21 05:49:00','[{\"label\": \"FA\", \"score\": 84, \"maxScore\": 100}]','[]',62.00,100.00),(1305,44,55,5,'2025/26','Semester 1',NULL,'2025-12-21 05:49:00','[{\"label\": \"FA\", \"score\": 79.4, \"maxScore\": 100}]','[]',86.00,100.00),(1306,39,55,5,'2025/26','Semester 1',NULL,'2025-12-21 05:49:00','[{\"label\": \"FA\", \"score\": 81, \"maxScore\": 100}]','[]',30.00,100.00),(1307,46,55,5,'2025/26','Semester 1',NULL,'2025-12-21 05:49:00','[{\"label\": \"FA\", \"score\": 78, \"maxScore\": 100}]','[]',81.00,100.00),(1308,43,55,5,'2025/26','Semester 1',NULL,'2025-12-21 05:49:01','[{\"label\": \"FA\", \"score\": 69, \"maxScore\": 100}]','[]',73.00,100.00),(1309,45,55,5,'2025/26','Semester 1',NULL,'2025-12-21 05:49:01','[{\"label\": \"FA\", \"score\": 85, \"maxScore\": 100}]','[]',85.00,100.00),(1310,41,55,5,'2025/26','Semester 1',NULL,'2025-12-21 05:49:02','[{\"label\": \"FA\", \"score\": 68, \"maxScore\": 100}]','[]',62.00,100.00),(1311,42,44,5,'2025/26','Semester 1',NULL,'2025-12-21 05:55:56','[{\"label\": \"FA\", \"score\": 87.5, \"maxScore\": 100}]','[]',80.00,100.00),(1312,44,44,5,'2025/26','Semester 1',NULL,'2025-12-21 05:55:56','[{\"label\": \"FA\", \"score\": 85, \"maxScore\": 100}]','[]',20.00,100.00),(1313,43,44,5,'2025/26','Semester 1',NULL,'2025-12-21 05:55:57','[{\"label\": \"FA\", \"score\": 75, \"maxScore\": 100}]','[]',75.00,100.00),(1314,46,44,5,'2025/26','Semester 1',NULL,'2025-12-21 05:55:57','[{\"label\": \"FA\", \"score\": 70, \"maxScore\": 100}]','[]',80.00,100.00),(1315,39,44,5,'2025/26','Semester 1',NULL,'2025-12-21 05:55:57','[{\"label\": \"FA\", \"score\": 50, \"maxScore\": 100}]','[]',50.00,100.00),(1316,45,44,5,'2025/26','Semester 1',NULL,'2025-12-21 05:55:57','[{\"label\": \"FA\", \"score\": 70, \"maxScore\": 100}]','[]',70.00,100.00),(1317,38,44,5,'2025/26','Semester 1',NULL,'2025-12-21 05:55:58','[{\"label\": \"FA\", \"score\": 85, \"maxScore\": 100}]','[]',70.00,100.00),(1318,40,44,5,'2025/26','Semester 1',NULL,'2025-12-21 05:55:58','[{\"label\": \"FA\", \"score\": 67.5, \"maxScore\": 100}]','[]',70.00,100.00),(1319,41,44,5,'2025/26','Semester 1',NULL,'2025-12-21 05:55:58','[{\"label\": \"FA\", \"score\": 82.5, \"maxScore\": 100}]','[]',90.00,100.00),(1338,42,54,5,'2025/26','Semester 1',NULL,'2025-12-21 06:00:58','[{\"label\": \"FA\", \"score\": 87, \"maxScore\": 100}]','[]',84.00,100.00),(1339,46,54,5,'2025/26','Semester 1',NULL,'2025-12-21 06:00:58','[{\"label\": \"FA\", \"score\": 77, \"maxScore\": 100}]','[]',90.00,100.00),(1340,44,54,5,'2025/26','Semester 1',NULL,'2025-12-21 06:00:58','[{\"label\": \"FA\", \"score\": 84, \"maxScore\": 100}]','[]',74.00,100.00),(1341,39,54,5,'2025/26','Semester 1',NULL,'2025-12-21 06:00:58','[{\"label\": \"FA\", \"score\": 70, \"maxScore\": 100}]','[]',54.00,100.00),(1342,43,54,5,'2025/26','Semester 1',NULL,'2025-12-21 06:00:58','[{\"label\": \"FA\", \"score\": 87, \"maxScore\": 100}]','[]',84.00,100.00),(1343,45,54,5,'2025/26','Semester 1',NULL,'2025-12-21 06:00:58','[{\"label\": \"FA\", \"score\": 93, \"maxScore\": 100}]','[]',78.00,100.00),(1344,38,54,5,'2025/26','Semester 1',NULL,'2025-12-21 06:00:59','[{\"label\": \"FA\", \"score\": 87, \"maxScore\": 100}]','[]',80.00,100.00),(1345,40,54,5,'2025/26','Semester 1',NULL,'2025-12-21 06:00:59','[{\"label\": \"FA\", \"score\": 86, \"maxScore\": 100}]','[]',78.00,100.00),(1346,41,54,5,'2025/26','Semester 1',NULL,'2025-12-21 06:00:59','[{\"label\": \"FA\", \"score\": 89, \"maxScore\": 100}]','[]',78.00,100.00),(1347,46,19,5,'2025/26','Semester 1',NULL,'2025-12-21 06:12:07','[{\"label\": \"FA\", \"score\": 16, \"maxScore\": 20}]','[]',60.00,100.00),(1348,42,19,5,'2025/26','Semester 1',NULL,'2025-12-21 06:12:07','[{\"label\": \"FA\", \"score\": 19, \"maxScore\": 20}]','[]',90.00,100.00),(1349,39,19,5,'2025/26','Semester 1',NULL,'2025-12-21 06:12:07','[{\"label\": \"FA\", \"score\": 13, \"maxScore\": 20}]','[]',60.00,100.00),(1350,44,19,5,'2025/26','Semester 1',NULL,'2025-12-21 06:12:07','[{\"label\": \"FA\", \"score\": 14, \"maxScore\": 20}]','[]',80.00,100.00),(1351,45,19,5,'2025/26','Semester 1',NULL,'2025-12-21 06:12:07','[{\"label\": \"FA\", \"score\": 15, \"maxScore\": 20}]','[]',80.00,100.00),(1352,38,19,5,'2025/26','Semester 1',NULL,'2025-12-21 06:12:07','[{\"label\": \"FA\", \"score\": 17, \"maxScore\": 20}]','[]',90.00,100.00),(1353,43,19,5,'2025/26','Semester 1',NULL,'2025-12-21 06:12:08','[{\"label\": \"FA\", \"score\": 14, \"maxScore\": 20}]','[]',80.00,100.00),(1354,41,19,5,'2025/26','Semester 1',NULL,'2025-12-21 06:12:08','[{\"label\": \"FA\", \"score\": 17, \"maxScore\": 20}]','[]',80.00,100.00),(1355,40,19,5,'2025/26','Semester 1',NULL,'2025-12-21 06:12:08','[{\"label\": \"FA\", \"score\": 16, \"maxScore\": 20}]','[]',70.00,100.00),(1374,42,47,5,'2025/26','Semester 1',NULL,'2025-12-21 06:14:16','[{\"label\": \"FA\", \"score\": 83.3, \"maxScore\": 100}]','[]',75.90,100.00),(1375,44,47,5,'2025/26','Semester 1',NULL,'2025-12-21 06:14:16','[{\"label\": \"FA\", \"score\": 85, \"maxScore\": 100}]','[]',80.20,100.00),(1376,40,47,5,'2025/26','Semester 1',NULL,'2025-12-21 06:14:16','[{\"label\": \"FA\", \"score\": 80.3, \"maxScore\": 100}]','[]',74.80,100.00),(1377,46,47,5,'2025/26','Semester 1',NULL,'2025-12-21 06:14:16','[{\"label\": \"FA\", \"score\": 81.5, \"maxScore\": 100}]','[]',75.00,100.00),(1378,38,47,5,'2025/26','Semester 1',NULL,'2025-12-21 06:14:16','[{\"label\": \"FA\", \"score\": 81, \"maxScore\": 100}]','[]',68.60,100.00),(1379,45,47,5,'2025/26','Semester 1',NULL,'2025-12-21 06:14:16','[{\"label\": \"FA\", \"score\": 82, \"maxScore\": 100}]','[]',74.10,100.00),(1380,39,47,5,'2025/26','Semester 1',NULL,'2025-12-21 06:14:17','[{\"label\": \"FA\", \"score\": 50.3, \"maxScore\": 100}]','[]',36.80,100.00),(1381,43,47,5,'2025/26','Semester 1',NULL,'2025-12-21 06:14:17','[{\"label\": \"FA\", \"score\": 50.3, \"maxScore\": 100}]','[]',43.40,100.00),(1382,41,47,5,'2025/26','Semester 1',NULL,'2025-12-21 06:14:18','[{\"label\": \"FA\", \"score\": 69.9, \"maxScore\": 100}]','[]',63.40,100.00),(1383,44,39,5,'2025/26','Semester 1',NULL,'2025-12-21 06:19:12','[{\"label\": \"FA\", \"score\": 9.9, \"maxScore\": 20}]','[]',83.00,100.00),(1384,42,39,5,'2025/26','Semester 1',NULL,'2025-12-21 06:19:12','[{\"label\": \"FA\", \"score\": 15, \"maxScore\": 20}]','[]',68.00,100.00),(1385,46,39,5,'2025/26','Semester 1',NULL,'2025-12-21 06:19:12','[{\"label\": \"FA\", \"score\": 11, \"maxScore\": 20}]','[]',90.00,100.00),(1386,45,39,5,'2025/26','Semester 1',NULL,'2025-12-21 06:19:12','[{\"label\": \"FA\", \"score\": 12, \"maxScore\": 20}]','[]',87.00,100.00),(1387,38,39,5,'2025/26','Semester 1',NULL,'2025-12-21 06:19:12','[{\"label\": \"FA\", \"score\": 13, \"maxScore\": 20}]','[]',82.00,100.00),(1388,40,39,5,'2025/26','Semester 1',NULL,'2025-12-21 06:19:12','[{\"label\": \"FA\", \"score\": 12, \"maxScore\": 20}]','[]',71.00,100.00),(1389,41,39,5,'2025/26','Semester 1',NULL,'2025-12-21 06:19:13','[{\"label\": \"FA\", \"score\": 11, \"maxScore\": 20}]','[]',81.00,100.00),(1390,43,39,5,'2025/26','Semester 1',NULL,'2025-12-21 06:19:13','[{\"label\": \"FA\", \"score\": 11, \"maxScore\": 20}]','[]',75.00,100.00),(1391,39,39,5,'2025/26','Semester 1',NULL,'2025-12-21 06:19:13','[{\"label\": \"FA\", \"score\": 11, \"maxScore\": 20}]','[]',47.00,100.00),(1392,38,48,5,'2025/26','Semester 1',NULL,'2025-12-21 06:19:40','[{\"label\": \"FA\", \"score\": 17, \"maxScore\": 20}]','[]',75.50,100.00),(1393,42,48,5,'2025/26','Semester 1',NULL,'2025-12-21 06:19:40','[{\"label\": \"FA\", \"score\": 16, \"maxScore\": 20}]','[]',72.00,100.00),(1394,46,48,5,'2025/26','Semester 1',NULL,'2025-12-21 06:19:40','[{\"label\": \"FA\", \"score\": 17, \"maxScore\": 20}]','[]',88.50,100.00),(1395,45,48,5,'2025/26','Semester 1',NULL,'2025-12-21 06:19:40','[{\"label\": \"FA\", \"score\": 17, \"maxScore\": 20}]','[]',85.00,100.00),(1396,44,48,5,'2025/26','Semester 1',NULL,'2025-12-21 06:19:40','[{\"label\": \"FA\", \"score\": 17, \"maxScore\": 20}]','[]',90.50,100.00),(1397,40,48,5,'2025/26','Semester 1',NULL,'2025-12-21 06:19:40','[{\"label\": \"FA\", \"score\": 18, \"maxScore\": 20}]','[]',85.50,100.00),(1398,41,48,5,'2025/26','Semester 1',NULL,'2025-12-21 06:19:41','[{\"label\": \"FA\", \"score\": 16, \"maxScore\": 20}]','[]',83.50,100.00),(1399,43,48,5,'2025/26','Semester 1',NULL,'2025-12-21 06:19:41','[{\"label\": \"FA\", \"score\": 16, \"maxScore\": 20}]','[]',89.00,100.00),(1400,39,48,5,'2025/26','Semester 1',NULL,'2025-12-21 06:19:41','[{\"label\": \"FA\", \"score\": 16, \"maxScore\": 20}]','[]',53.50,100.00),(1401,44,46,5,'2025/26','Semester 1',NULL,'2025-12-21 06:24:58','[{\"label\": \"FA\", \"score\": 16.2, \"maxScore\": 20}]','[]',90.00,100.00),(1402,46,46,5,'2025/26','Semester 1',NULL,'2025-12-21 06:24:58','[{\"label\": \"FA\", \"score\": 12.8, \"maxScore\": 20}]','[]',72.00,100.00),(1403,42,46,5,'2025/26','Semester 1',NULL,'2025-12-21 06:24:58','[{\"label\": \"FA\", \"score\": 16, \"maxScore\": 20}]','[]',53.00,100.00),(1404,40,46,5,'2025/26','Semester 1',NULL,'2025-12-21 06:24:58','[{\"label\": \"FA\", \"score\": 14.2, \"maxScore\": 20}]','[]',52.00,100.00),(1405,38,46,5,'2025/26','Semester 1',NULL,'2025-12-21 06:24:58','[{\"label\": \"FA\", \"score\": 17.2, \"maxScore\": 20}]','[]',66.00,100.00),(1406,45,46,5,'2025/26','Semester 1',NULL,'2025-12-21 06:24:58','[{\"label\": \"FA\", \"score\": 7.7, \"maxScore\": 20}]','[]',70.00,100.00),(1407,39,46,5,'2025/26','Semester 1',NULL,'2025-12-21 06:25:00','[{\"label\": \"FA\", \"score\": 9.8, \"maxScore\": 20}]','[]',10.00,100.00),(1408,41,46,5,'2025/26','Semester 1',NULL,'2025-12-21 06:25:00','[{\"label\": \"FA\", \"score\": 17.2, \"maxScore\": 20}]','[]',56.00,100.00),(1409,43,46,5,'2025/26','Semester 1',NULL,'2025-12-21 06:25:00','[{\"label\": \"FA\", \"score\": 13.5, \"maxScore\": 20}]','[]',62.00,100.00),(1410,39,52,5,'2025/26','Semester 1',NULL,'2025-12-21 06:25:33','[{\"label\": \"FA\", \"score\": 13.3, \"maxScore\": 20}]','[]',65.00,100.00),(1411,42,52,5,'2025/26','Semester 1',NULL,'2025-12-21 06:25:33','[{\"label\": \"FA\", \"score\": 12.8, \"maxScore\": 20}]','[]',76.70,100.00),(1412,46,52,5,'2025/26','Semester 1',NULL,'2025-12-21 06:25:33','[{\"label\": \"FA\", \"score\": 6, \"maxScore\": 20}]','[]',96.70,100.00),(1413,44,52,5,'2025/26','Semester 1',NULL,'2025-12-21 06:25:33','[{\"label\": \"FA\", \"score\": 13.3, \"maxScore\": 20}]','[]',90.00,100.00),(1414,45,52,5,'2025/26','Semester 1',NULL,'2025-12-21 06:25:33','[{\"label\": \"FA\", \"score\": 14.8, \"maxScore\": 20}]','[]',88.30,100.00),(1415,43,52,5,'2025/26','Semester 1',NULL,'2025-12-21 06:25:33','[{\"label\": \"FA\", \"score\": 5.3, \"maxScore\": 20}]','[]',85.00,100.00),(1416,38,52,5,'2025/26','Semester 1',NULL,'2025-12-21 06:25:34','[{\"label\": \"FA\", \"score\": 14.3, \"maxScore\": 20}]','[]',88.30,100.00),(1417,40,52,5,'2025/26','Semester 1',NULL,'2025-12-21 06:25:34','[{\"label\": \"FA\", \"score\": 6, \"maxScore\": 20}]','[]',85.00,100.00),(1418,41,52,5,'2025/26','Semester 1',NULL,'2025-12-21 06:25:34','[{\"label\": \"FA\", \"score\": 12.9, \"maxScore\": 20}]','[]',76.70,100.00),(1419,42,50,5,'2025/26','Semester 1',NULL,'2025-12-21 06:37:16','[{\"label\": \"FA\", \"score\": 6, \"maxScore\": 20}]','[]',43.00,100.00),(1420,44,50,5,'2025/26','Semester 1',NULL,'2025-12-21 06:37:16','[{\"label\": \"FA\", \"score\": 8, \"maxScore\": 20}]','[]',90.00,100.00),(1421,46,50,5,'2025/26','Semester 1',NULL,'2025-12-21 06:37:16','[{\"label\": \"FA\", \"score\": 7, \"maxScore\": 20}]','[]',68.00,100.00),(1422,39,50,5,'2025/26','Semester 1',NULL,'2025-12-21 06:37:16','[{\"label\": \"FA\", \"score\": 4.5, \"maxScore\": 20}]','[]',22.00,100.00),(1423,45,50,5,'2025/26','Semester 1',NULL,'2025-12-21 06:37:16','[{\"label\": \"FA\", \"score\": 11, \"maxScore\": 20}]','[]',37.00,100.00),(1424,43,50,5,'2025/26','Semester 1',NULL,'2025-12-21 06:37:16','[{\"label\": \"FA\", \"score\": 7.5, \"maxScore\": 20}]','[]',12.00,100.00),(1425,38,50,5,'2025/26','Semester 1',NULL,'2025-12-21 06:37:17','[{\"label\": \"FA\", \"score\": 11.5, \"maxScore\": 20}]','[]',57.00,100.00),(1426,41,50,5,'2025/26','Semester 1',NULL,'2025-12-21 06:37:17','[{\"label\": \"FA\", \"score\": 6.5, \"maxScore\": 20}]','[]',28.00,100.00),(1427,40,50,5,'2025/26','Semester 1',NULL,'2025-12-21 06:37:17','[{\"label\": \"FA\", \"score\": 8, \"maxScore\": 20}]','[]',48.00,100.00),(1428,28,23,2,'2025/26','Semester 1',NULL,'2025-12-21 07:37:38','[{\"label\": \"FA\", \"score\": 16.5, \"maxScore\": 20}]','[]',58.00,100.00),(1429,14,23,2,'2025/26','Semester 1',NULL,'2025-12-21 07:37:38','[{\"label\": \"FA\", \"score\": 17, \"maxScore\": 20}]','[]',60.00,100.00),(1430,13,23,2,'2025/26','Semester 1',NULL,'2025-12-21 07:37:38','[{\"label\": \"FA\", \"score\": 15.8, \"maxScore\": 20}]','[]',70.00,100.00),(1431,24,23,2,'2025/26','Semester 1',NULL,'2025-12-21 07:37:38','[{\"label\": \"FA\", \"score\": 14.2, \"maxScore\": 20}]','[]',55.00,100.00),(1432,12,23,2,'2025/26','Semester 1',NULL,'2025-12-21 07:37:38','[{\"label\": \"FA\", \"score\": 15.3, \"maxScore\": 20}]','[]',57.00,100.00),(1433,20,23,2,'2025/26','Semester 1',NULL,'2025-12-21 07:37:38','[{\"label\": \"FA\", \"score\": 15.5, \"maxScore\": 20}]','[]',88.00,100.00),(1434,19,23,2,'2025/26','Semester 1',NULL,'2025-12-21 07:37:40','[{\"label\": \"FA\", \"score\": 8, \"maxScore\": 20}]','[]',69.00,100.00),(1435,21,23,2,'2025/26','Semester 1',NULL,'2025-12-21 07:37:40','[{\"label\": \"FA\", \"score\": 16.2, \"maxScore\": 20}]','[]',55.00,100.00),(1436,27,23,2,'2025/26','Semester 1',NULL,'2025-12-21 07:37:40','[{\"label\": \"FA\", \"score\": 6.67, \"maxScore\": 20}]','[]',58.00,100.00),(1437,22,23,2,'2025/26','Semester 1',NULL,'2025-12-21 07:37:40','[{\"label\": \"FA\", \"score\": 8.33, \"maxScore\": 20}]','[]',75.00,100.00),(1438,23,23,2,'2025/26','Semester 1',NULL,'2025-12-21 07:37:40','[{\"label\": \"FA\", \"score\": 14, \"maxScore\": 20}]','[]',59.00,100.00),(1439,17,23,2,'2025/26','Semester 1',NULL,'2025-12-21 07:37:40','[{\"label\": \"FA\", \"score\": 15, \"maxScore\": 20}]','[]',66.00,100.00),(1440,16,23,2,'2025/26','Semester 1',NULL,'2025-12-21 07:37:41','[{\"label\": \"FA\", \"score\": 13.8, \"maxScore\": 20}]','[]',50.00,100.00),(1441,18,23,2,'2025/26','Semester 1',NULL,'2025-12-21 07:37:41','[{\"label\": \"FA\", \"score\": 8, \"maxScore\": 20}]','[]',57.00,100.00),(1442,11,23,2,'2025/26','Semester 1',NULL,'2025-12-21 07:37:41','[{\"label\": \"FA\", \"score\": 17.7, \"maxScore\": 20}]','[]',70.00,100.00),(1443,25,23,2,'2025/26','Semester 1',NULL,'2025-12-21 07:37:41','[{\"label\": \"FA\", \"score\": 12, \"maxScore\": 20}]','[]',32.00,100.00),(1444,26,23,2,'2025/26','Semester 1',NULL,'2025-12-21 07:37:41','[{\"label\": \"FA\", \"score\": 15, \"maxScore\": 20}]','[]',68.00,100.00),(1445,15,23,2,'2025/26','Semester 1',NULL,'2025-12-21 07:37:41','[{\"label\": \"FA\", \"score\": 13, \"maxScore\": 20}]','[]',61.00,100.00),(1446,24,28,2,'2025/26','Semester 1',NULL,'2025-12-21 07:44:10','[{\"label\": \"FA\", \"score\": 13.5, \"maxScore\": 20}]','[]',96.00,100.00),(1447,28,28,2,'2025/26','Semester 1',NULL,'2025-12-21 07:44:10','[{\"label\": \"FA\", \"score\": 16.5, \"maxScore\": 20}]','[]',68.00,100.00),(1448,14,28,2,'2025/26','Semester 1',NULL,'2025-12-21 07:44:10','[{\"label\": \"FA\", \"score\": 11, \"maxScore\": 20}]','[]',90.00,100.00),(1449,13,28,2,'2025/26','Semester 1',NULL,'2025-12-21 07:44:10','[{\"label\": \"FA\", \"score\": 11.5, \"maxScore\": 20}]','[]',68.00,100.00),(1450,12,28,2,'2025/26','Semester 1',NULL,'2025-12-21 07:44:10','[{\"label\": \"FA\", \"score\": 13.5, \"maxScore\": 20}]','[]',66.00,100.00),(1451,20,28,2,'2025/26','Semester 1',NULL,'2025-12-21 07:44:10','[{\"label\": \"FA\", \"score\": 11, \"maxScore\": 20}]','[]',98.00,100.00),(1452,19,28,2,'2025/26','Semester 1',NULL,'2025-12-21 07:44:12','[{\"label\": \"FA\", \"score\": 4, \"maxScore\": 20}]','[]',68.00,100.00),(1453,21,28,2,'2025/26','Semester 1',NULL,'2025-12-21 07:44:12','[{\"label\": \"FA\", \"score\": 9, \"maxScore\": 20}]','[]',78.00,100.00),(1454,23,28,2,'2025/26','Semester 1',NULL,'2025-12-21 07:44:12','[{\"label\": \"FA\", \"score\": 5, \"maxScore\": 20}]','[]',84.00,100.00),(1455,27,28,2,'2025/26','Semester 1',NULL,'2025-12-21 07:44:12','[{\"label\": \"FA\", \"score\": 2, \"maxScore\": 20}]','[]',78.00,100.00),(1456,22,28,2,'2025/26','Semester 1',NULL,'2025-12-21 07:44:12','[{\"label\": \"FA\", \"score\": 6, \"maxScore\": 20}]','[]',68.00,100.00),(1457,17,28,2,'2025/26','Semester 1',NULL,'2025-12-21 07:44:12','[{\"label\": \"FA\", \"score\": 13.5, \"maxScore\": 20}]','[]',98.00,100.00),(1458,18,28,2,'2025/26','Semester 1',NULL,'2025-12-21 07:44:13','[{\"label\": \"FA\", \"score\": 11, \"maxScore\": 20}]','[]',86.00,100.00),(1459,16,28,2,'2025/26','Semester 1',NULL,'2025-12-21 07:44:13','[{\"label\": \"FA\", \"score\": 11.5, \"maxScore\": 20}]','[]',98.00,100.00),(1460,11,28,2,'2025/26','Semester 1',NULL,'2025-12-21 07:44:13','[{\"label\": \"FA\", \"score\": 12.5, \"maxScore\": 20}]','[]',66.00,100.00),(1461,26,28,2,'2025/26','Semester 1',NULL,'2025-12-21 07:44:13','[{\"label\": \"FA\", \"score\": 9.5, \"maxScore\": 20}]','[]',94.00,100.00),(1462,25,28,2,'2025/26','Semester 1',NULL,'2025-12-21 07:44:13','[{\"label\": \"FA\", \"score\": 11, \"maxScore\": 20}]','[]',66.00,100.00),(1463,15,28,2,'2025/26','Semester 1',NULL,'2025-12-21 07:44:13','[{\"label\": \"FA\", \"score\": 2, \"maxScore\": 20}]','[]',92.00,100.00),(1464,44,49,5,'2025/26','Semester 1',NULL,'2025-12-21 06:46:27','[{\"label\": \"FA\", \"score\": 11.6, \"maxScore\": 20}]','[]',61.50,100.00),(1465,43,49,5,'2025/26','Semester 1',NULL,'2025-12-21 06:46:27','[{\"label\": \"FA\", \"score\": 11, \"maxScore\": 20}]','[]',60.00,100.00),(1466,41,49,5,'2025/26','Semester 1',NULL,'2025-12-21 06:46:27','[{\"label\": \"FA\", \"score\": 10.5, \"maxScore\": 20}]','[]',60.00,100.00),(1467,42,49,5,'2025/26','Semester 1',NULL,'2025-12-21 06:46:27','[{\"label\": \"FA\", \"score\": 11.4, \"maxScore\": 20}]','[]',58.50,100.00),(1468,45,49,5,'2025/26','Semester 1',NULL,'2025-12-21 06:46:27','[{\"label\": \"FA\", \"score\": 9.7, \"maxScore\": 20}]','[]',56.00,100.00),(1469,46,49,5,'2025/26','Semester 1',NULL,'2025-12-21 06:46:27','[{\"label\": \"FA\", \"score\": 9.8, \"maxScore\": 20}]','[]',55.00,100.00),(1470,38,49,5,'2025/26','Semester 1',NULL,'2025-12-21 06:46:28','[{\"label\": \"FA\", \"score\": 13.5, \"maxScore\": 20}]','[]',60.00,100.00),(1471,40,49,5,'2025/26','Semester 1',NULL,'2025-12-21 06:46:28','[{\"label\": \"FA\", \"score\": 10.2, \"maxScore\": 20}]','[]',56.50,100.00),(1472,39,49,5,'2025/26','Semester 1',NULL,'2025-12-21 06:46:28','[{\"label\": \"FA\", \"score\": 7.5, \"maxScore\": 20}]','[]',41.00,100.00),(1473,42,41,5,'2025/26','Semester 1',NULL,'2025-12-21 06:52:07','[{\"label\": \"FA\", \"score\": 16, \"maxScore\": 20}]','[]',82.00,100.00),(1474,38,41,5,'2025/26','Semester 1',NULL,'2025-12-21 06:52:07','[{\"label\": \"FA\", \"score\": 17, \"maxScore\": 20}]','[]',86.00,100.00),(1475,46,41,5,'2025/26','Semester 1',NULL,'2025-12-21 06:52:07','[{\"label\": \"FA\", \"score\": 16, \"maxScore\": 20}]','[]',88.00,100.00),(1476,44,41,5,'2025/26','Semester 1',NULL,'2025-12-21 06:52:07','[{\"label\": \"FA\", \"score\": 17, \"maxScore\": 20}]','[]',92.00,100.00),(1477,40,41,5,'2025/26','Semester 1',NULL,'2025-12-21 06:52:07','[{\"label\": \"FA\", \"score\": 17, \"maxScore\": 20}]','[]',90.00,100.00),(1478,45,41,5,'2025/26','Semester 1',NULL,'2025-12-21 06:52:07','[{\"label\": \"FA\", \"score\": 16, \"maxScore\": 20}]','[]',86.00,100.00),(1479,39,41,5,'2025/26','Semester 1',NULL,'2025-12-21 06:52:08','[{\"label\": \"FA\", \"score\": 17, \"maxScore\": 20}]','[]',86.00,100.00),(1480,43,41,5,'2025/26','Semester 1',NULL,'2025-12-21 06:52:08','[{\"label\": \"FA\", \"score\": 14, \"maxScore\": 20}]','[]',84.00,100.00),(1481,41,41,5,'2025/26','Semester 1',NULL,'2025-12-21 06:52:08','[{\"label\": \"FA\", \"score\": 13, \"maxScore\": 20}]','[]',86.00,100.00),(1482,24,24,2,'2025/26','Semester 1',NULL,'2025-12-21 07:52:58','[{\"label\": \"FA\", \"score\": 16.6, \"maxScore\": 20}]','[]',64.00,100.00),(1483,28,24,2,'2025/26','Semester 1',NULL,'2025-12-21 07:52:58','[{\"label\": \"FA\", \"score\": 16.7, \"maxScore\": 20}]','[]',72.00,100.00),(1484,12,24,2,'2025/26','Semester 1',NULL,'2025-12-21 07:52:59','[{\"label\": \"FA\", \"score\": 15.8, \"maxScore\": 20}]','[]',91.00,100.00),(1485,13,24,2,'2025/26','Semester 1',NULL,'2025-12-21 07:52:58','[{\"label\": \"FA\", \"score\": 13.4, \"maxScore\": 20}]','[]',50.00,100.00),(1486,14,24,2,'2025/26','Semester 1',NULL,'2025-12-21 07:52:58','[{\"label\": \"FA\", \"score\": 16.9, \"maxScore\": 20}]','[]',72.00,100.00),(1487,20,24,2,'2025/26','Semester 1',NULL,'2025-12-21 07:52:59','[{\"label\": \"FA\", \"score\": 18.1, \"maxScore\": 20}]','[]',45.00,100.00),(1488,19,24,2,'2025/26','Semester 1',NULL,'2025-12-21 07:53:00','[{\"label\": \"FA\", \"score\": 16, \"maxScore\": 20}]','[]',57.00,100.00),(1489,21,24,2,'2025/26','Semester 1',NULL,'2025-12-21 07:53:00','[{\"label\": \"FA\", \"score\": 18.9, \"maxScore\": 20}]','[]',62.00,100.00),(1490,23,24,2,'2025/26','Semester 1',NULL,'2025-12-21 07:53:00','[{\"label\": \"FA\", \"score\": 17.4, \"maxScore\": 20}]','[]',59.00,100.00),(1491,27,24,2,'2025/26','Semester 1',NULL,'2025-12-21 07:53:00','[{\"label\": \"FA\", \"score\": 16.3, \"maxScore\": 20}]','[]',53.00,100.00),(1492,22,24,2,'2025/26','Semester 1',NULL,'2025-12-21 07:53:00','[{\"label\": \"FA\", \"score\": 18.4, \"maxScore\": 20}]','[]',59.00,100.00),(1493,17,24,2,'2025/26','Semester 1',NULL,'2025-12-21 07:53:00','[{\"label\": \"FA\", \"score\": 16.4, \"maxScore\": 20}]','[]',63.00,100.00),(1494,18,24,2,'2025/26','Semester 1',NULL,'2025-12-21 07:53:01','[{\"label\": \"FA\", \"score\": 15.2, \"maxScore\": 20}]','[]',67.00,100.00),(1495,16,24,2,'2025/26','Semester 1',NULL,'2025-12-21 07:53:01','[{\"label\": \"FA\", \"score\": 16.4, \"maxScore\": 20}]','[]',70.00,100.00),(1496,26,24,2,'2025/26','Semester 1',NULL,'2025-12-21 07:53:01','[{\"label\": \"FA\", \"score\": 17.3, \"maxScore\": 20}]','[]',51.00,100.00),(1497,11,24,2,'2025/26','Semester 1',NULL,'2025-12-21 07:53:01','[{\"label\": \"FA\", \"score\": 18.9, \"maxScore\": 20}]','[]',75.00,100.00),(1498,25,24,2,'2025/26','Semester 1',NULL,'2025-12-21 07:53:02','[{\"label\": \"FA\", \"score\": 15.8, \"maxScore\": 20}]','[]',61.00,100.00),(1499,15,24,2,'2025/26','Semester 1',NULL,'2025-12-21 07:53:02','[{\"label\": \"FA\", \"score\": 15, \"maxScore\": 20}]','[]',71.00,100.00),(1500,45,59,5,'2025/26','Semester 1',NULL,'2025-12-21 06:56:45','[{\"label\": \"FA\", \"score\": 9.5, \"maxScore\": 20}]','[]',84.00,100.00),(1501,46,59,5,'2025/26','Semester 1',NULL,'2025-12-21 06:56:45','[{\"label\": \"FA\", \"score\": 11, \"maxScore\": 20}]','[]',78.00,100.00),(1502,44,59,5,'2025/26','Semester 1',NULL,'2025-12-21 06:56:45','[{\"label\": \"FA\", \"score\": 16, \"maxScore\": 20}]','[]',90.00,100.00),(1503,40,59,5,'2025/26','Semester 1',NULL,'2025-12-21 06:56:45','[{\"label\": \"FA\", \"score\": 18, \"maxScore\": 20}]','[]',68.00,100.00),(1504,42,59,5,'2025/26','Semester 1',NULL,'2025-12-21 06:56:45','[{\"label\": \"FA\", \"score\": 18, \"maxScore\": 20}]','[]',72.00,100.00),(1505,38,59,5,'2025/26','Semester 1',NULL,'2025-12-21 06:56:45','[{\"label\": \"FA\", \"score\": 16, \"maxScore\": 20}]','[]',78.00,100.00),(1506,41,59,5,'2025/26','Semester 1',NULL,'2025-12-21 06:56:47','[{\"label\": \"FA\", \"score\": 17, \"maxScore\": 20}]','[]',74.00,100.00),(1507,43,59,5,'2025/26','Semester 1',NULL,'2025-12-21 06:56:47','[{\"label\": \"FA\", \"score\": 13, \"maxScore\": 20}]','[]',62.00,100.00),(1508,39,59,5,'2025/26','Semester 1',NULL,'2025-12-21 06:56:47','[{\"label\": \"FA\", \"score\": 11, \"maxScore\": 20}]','[]',42.00,100.00),(1509,16,27,2,'2025/26','Semester 1',NULL,'2025-12-21 08:01:50','[{\"label\": \"FA\", \"score\": 10.3, \"maxScore\": 20}]','[]',60.00,100.00),(1510,28,27,2,'2025/26','Semester 1',NULL,'2025-12-21 08:01:50','[{\"label\": \"FA\", \"score\": 12.8, \"maxScore\": 20}]','[]',70.00,100.00),(1511,22,27,2,'2025/26','Semester 1',NULL,'2025-12-21 08:01:50','[{\"label\": \"FA\", \"score\": 5.3, \"maxScore\": 20}]','[]',66.70,100.00),(1512,17,27,2,'2025/26','Semester 1',NULL,'2025-12-21 08:01:50','[{\"label\": \"FA\", \"score\": 14, \"maxScore\": 20}]','[]',86.70,100.00),(1513,18,27,2,'2025/26','Semester 1',NULL,'2025-12-21 08:01:50','[{\"label\": \"FA\", \"score\": 13, \"maxScore\": 20}]','[]',86.70,100.00),(1514,11,27,2,'2025/26','Semester 1',NULL,'2025-12-21 08:01:50','[{\"label\": \"FA\", \"score\": 15.7, \"maxScore\": 20}]','[]',76.70,100.00),(1515,26,27,2,'2025/26','Semester 1',NULL,'2025-12-21 08:01:51','[{\"label\": \"FA\", \"score\": 14.8, \"maxScore\": 20}]','[]',83.30,100.00),(1516,25,27,2,'2025/26','Semester 1',NULL,'2025-12-21 08:01:51','[{\"label\": \"FA\", \"score\": 12.2, \"maxScore\": 20}]','[]',33.30,100.00),(1517,14,27,2,'2025/26','Semester 1',NULL,'2025-12-21 08:01:51','[{\"label\": \"FA\", \"score\": 11.5, \"maxScore\": 20}]','[]',70.00,100.00),(1518,15,27,2,'2025/26','Semester 1',NULL,'2025-12-21 08:01:51','[{\"label\": \"FA\", \"score\": 16, \"maxScore\": 20}]','[]',73.30,100.00),(1519,24,27,2,'2025/26','Semester 1',NULL,'2025-12-21 08:01:51','[{\"label\": \"FA\", \"score\": 12, \"maxScore\": 20}]','[]',90.00,100.00),(1520,13,27,2,'2025/26','Semester 1',NULL,'2025-12-21 08:01:52','[{\"label\": \"FA\", \"score\": 10.7, \"maxScore\": 20}]','[]',70.00,100.00),(1521,12,27,2,'2025/26','Semester 1',NULL,'2025-12-21 08:01:53','[{\"label\": \"FA\", \"score\": 12.3, \"maxScore\": 20}]','[]',73.30,100.00),(1522,20,27,2,'2025/26','Semester 1',NULL,'2025-12-21 08:01:53','[{\"label\": \"FA\", \"score\": 11.3, \"maxScore\": 20}]','[]',90.00,100.00),(1523,19,27,2,'2025/26','Semester 1',NULL,'2025-12-21 08:01:53','[{\"label\": \"FA\", \"score\": 15.2, \"maxScore\": 20}]','[]',73.30,100.00),(1524,21,27,2,'2025/26','Semester 1',NULL,'2025-12-21 08:01:53','[{\"label\": \"FA\", \"score\": 14, \"maxScore\": 20}]','[]',73.30,100.00),(1525,23,27,2,'2025/26','Semester 1',NULL,'2025-12-21 08:01:53','[{\"label\": \"FA\", \"score\": 12, \"maxScore\": 20}]','[]',83.30,100.00),(1526,27,27,2,'2025/26','Semester 1',NULL,'2025-12-21 08:01:53','[{\"label\": \"FA\", \"score\": 15.5, \"maxScore\": 20}]','[]',90.00,100.00),(1527,45,43,5,'2025/26','Semester 1',NULL,'2025-12-21 07:07:38','[{\"label\": \"FA\", \"score\": 16, \"maxScore\": 20}]','[]',93.50,100.00),(1528,42,43,5,'2025/26','Semester 1',NULL,'2025-12-21 07:07:38','[{\"label\": \"FA\", \"score\": 16, \"maxScore\": 20}]','[]',38.50,100.00),(1529,44,43,5,'2025/26','Semester 1',NULL,'2025-12-21 07:07:38','[{\"label\": \"FA\", \"score\": 17, \"maxScore\": 20}]','[]',86.00,100.00),(1530,43,43,5,'2025/26','Semester 1',NULL,'2025-12-21 07:07:38','[{\"label\": \"FA\", \"score\": 14, \"maxScore\": 20}]','[]',70.00,100.00),(1531,39,43,5,'2025/26','Semester 1',NULL,'2025-12-21 07:07:38','[{\"label\": \"FA\", \"score\": 17, \"maxScore\": 20}]','[]',48.00,100.00),(1532,46,43,5,'2025/26','Semester 1',NULL,'2025-12-21 07:07:38','[{\"label\": \"FA\", \"score\": 16, \"maxScore\": 20}]','[]',77.50,100.00),(1533,41,43,5,'2025/26','Semester 1',NULL,'2025-12-21 07:07:40','[{\"label\": \"FA\", \"score\": 13, \"maxScore\": 20}]','[]',72.50,100.00),(1534,40,43,5,'2025/26','Semester 1',NULL,'2025-12-21 07:07:40','[{\"label\": \"FA\", \"score\": 17, \"maxScore\": 20}]','[]',75.50,100.00),(1535,38,43,5,'2025/26','Semester 1',NULL,'2025-12-21 07:07:40','[{\"label\": \"FA\", \"score\": 17, \"maxScore\": 20}]','[]',84.00,100.00),(1536,45,42,5,'2025/26','Semester 1',NULL,'2025-12-21 07:09:18','[{\"label\": \"FA\", \"score\": 12, \"maxScore\": 20}]','[]',86.00,100.00),(1537,43,42,5,'2025/26','Semester 1',NULL,'2025-12-21 07:09:18','[{\"label\": \"FA\", \"score\": 16, \"maxScore\": 20}]','[]',84.00,100.00),(1538,44,42,5,'2025/26','Semester 1',NULL,'2025-12-21 07:09:18','[{\"label\": \"FA\", \"score\": 17, \"maxScore\": 20}]','[]',98.00,100.00),(1539,38,42,5,'2025/26','Semester 1',NULL,'2025-12-21 07:09:18','[{\"label\": \"FA\", \"score\": 14, \"maxScore\": 20}]','[]',62.00,100.00),(1540,39,42,5,'2025/26','Semester 1',NULL,'2025-12-21 07:09:18','[{\"label\": \"FA\", \"score\": 15, \"maxScore\": 20}]','[]',86.00,100.00),(1541,40,42,5,'2025/26','Semester 1',NULL,'2025-12-21 07:09:18','[{\"label\": \"FA\", \"score\": 15.5, \"maxScore\": 20}]','[]',78.00,100.00),(1542,46,42,5,'2025/26','Semester 1',NULL,'2025-12-21 07:09:20','[{\"label\": \"FA\", \"score\": 15, \"maxScore\": 20}]','[]',66.00,100.00),(1543,41,42,5,'2025/26','Semester 1',NULL,'2025-12-21 07:09:20','[{\"label\": \"FA\", \"score\": 16, \"maxScore\": 20}]','[]',78.00,100.00),(1544,42,42,5,'2025/26','Semester 1',NULL,'2025-12-21 07:09:20','[{\"label\": \"FA\", \"score\": 16, \"maxScore\": 20}]','[]',80.00,100.00),(1545,14,26,2,'2025/26','Semester 1',NULL,'2025-12-21 08:10:34','[{\"label\": \"FA\", \"score\": 11, \"maxScore\": 20}]','[]',85.00,100.00),(1546,28,26,2,'2025/26','Semester 1',NULL,'2025-12-21 08:10:35','[{\"label\": \"FA\", \"score\": 17, \"maxScore\": 20}]','[]',95.00,100.00),(1547,12,26,2,'2025/26','Semester 1',NULL,'2025-12-21 08:10:35','[{\"label\": \"FA\", \"score\": 7, \"maxScore\": 20}]','[]',67.00,100.00),(1548,20,26,2,'2025/26','Semester 1',NULL,'2025-12-21 08:10:35','[{\"label\": \"FA\", \"score\": 15, \"maxScore\": 20}]','[]',95.00,100.00),(1549,13,26,2,'2025/26','Semester 1',NULL,'2025-12-21 08:10:35','[{\"label\": \"FA\", \"score\": 8, \"maxScore\": 20}]','[]',80.00,100.00),(1550,24,26,2,'2025/26','Semester 1',NULL,'2025-12-21 08:10:35','[{\"label\": \"FA\", \"score\": 13, \"maxScore\": 20}]','[]',89.00,100.00),(1551,19,26,2,'2025/26','Semester 1',NULL,'2025-12-21 08:10:36','[{\"label\": \"FA\", \"score\": 6.5, \"maxScore\": 20}]','[]',80.00,100.00),(1552,21,26,2,'2025/26','Semester 1',NULL,'2025-12-21 08:10:36','[{\"label\": \"FA\", \"score\": 16, \"maxScore\": 20}]','[]',89.00,100.00),(1553,27,26,2,'2025/26','Semester 1',NULL,'2025-12-21 08:10:36','[{\"label\": \"FA\", \"score\": 7, \"maxScore\": 20}]','[]',76.00,100.00),(1554,23,26,2,'2025/26','Semester 1',NULL,'2025-12-21 08:10:36','[{\"label\": \"FA\", \"score\": 15, \"maxScore\": 20}]','[]',76.00,100.00),(1555,22,26,2,'2025/26','Semester 1',NULL,'2025-12-21 08:10:37','[{\"label\": \"FA\", \"score\": 7, \"maxScore\": 20}]','[]',58.00,100.00),(1556,17,26,2,'2025/26','Semester 1',NULL,'2025-12-21 08:10:37','[{\"label\": \"FA\", \"score\": 15, \"maxScore\": 20}]','[]',85.00,100.00),(1557,16,26,2,'2025/26','Semester 1',NULL,'2025-12-21 08:10:38','[{\"label\": \"FA\", \"score\": 16, \"maxScore\": 20}]','[]',84.00,100.00),(1558,11,26,2,'2025/26','Semester 1',NULL,'2025-12-21 08:10:38','[{\"label\": \"FA\", \"score\": 9.5, \"maxScore\": 20}]','[]',80.00,100.00),(1559,26,26,2,'2025/26','Semester 1',NULL,'2025-12-21 08:10:38','[{\"label\": \"FA\", \"score\": 13, \"maxScore\": 20}]','[]',82.00,100.00),(1560,25,26,2,'2025/26','Semester 1',NULL,'2025-12-21 08:10:38','[{\"label\": \"FA\", \"score\": 15, \"maxScore\": 20}]','[]',85.00,100.00),(1561,18,26,2,'2025/26','Semester 1',NULL,'2025-12-21 08:10:38','[{\"label\": \"FA\", \"score\": 12, \"maxScore\": 20}]','[]',60.00,100.00),(1562,15,26,2,'2025/26','Semester 1',NULL,'2025-12-21 08:10:38','[{\"label\": \"FA\", \"score\": 16, \"maxScore\": 20}]','[]',75.00,100.00),(1563,42,56,5,'2025/26','Semester 1',NULL,'2025-12-21 07:16:26','[{\"label\": \"FA\", \"score\": 18.9, \"maxScore\": 20}]','[]',87.00,100.00),(1564,44,56,5,'2025/26','Semester 1',NULL,'2025-12-21 07:16:26','[{\"label\": \"FA\", \"score\": 15.2, \"maxScore\": 20}]','[]',64.00,100.00),(1565,46,56,5,'2025/26','Semester 1',NULL,'2025-12-21 07:16:26','[{\"label\": \"FA\", \"score\": 17.8, \"maxScore\": 20}]','[]',87.00,100.00),(1566,40,56,5,'2025/26','Semester 1',NULL,'2025-12-21 07:16:26','[{\"label\": \"FA\", \"score\": 13.3, \"maxScore\": 20}]','[]',55.00,100.00),(1567,38,56,5,'2025/26','Semester 1',NULL,'2025-12-21 07:16:26','[{\"label\": \"FA\", \"score\": 16.7, \"maxScore\": 20}]','[]',70.00,100.00),(1568,45,56,5,'2025/26','Semester 1',NULL,'2025-12-21 07:16:26','[{\"label\": \"FA\", \"score\": 17.9, \"maxScore\": 20}]','[]',80.00,100.00),(1569,43,56,5,'2025/26','Semester 1',NULL,'2025-12-21 07:16:28','[{\"label\": \"FA\", \"score\": 14.9, \"maxScore\": 20}]','[]',58.00,100.00),(1570,39,56,5,'2025/26','Semester 1',NULL,'2025-12-21 07:16:28','[{\"label\": \"FA\", \"score\": 12.9, \"maxScore\": 20}]','[]',26.00,100.00),(1571,41,56,5,'2025/26','Semester 1',NULL,'2025-12-21 07:16:29','[{\"label\": \"FA\", \"score\": 17, \"maxScore\": 20}]','[]',52.00,100.00),(1572,14,25,2,'2025/26','Semester 1',NULL,'2025-12-21 08:18:38','[{\"label\": \"FA\", \"score\": 19, \"maxScore\": 20}]','[]',76.70,100.00),(1573,28,25,2,'2025/26','Semester 1',NULL,'2025-12-21 08:18:38','[{\"label\": \"FA\", \"score\": 17, \"maxScore\": 20}]','[]',80.00,100.00),(1574,13,25,2,'2025/26','Semester 1',NULL,'2025-12-21 08:18:38','[{\"label\": \"FA\", \"score\": 19, \"maxScore\": 20}]','[]',66.70,100.00),(1575,24,25,2,'2025/26','Semester 1',NULL,'2025-12-21 08:18:38','[{\"label\": \"FA\", \"score\": 17, \"maxScore\": 20}]','[]',46.70,100.00),(1576,20,25,2,'2025/26','Semester 1',NULL,'2025-12-21 08:18:38','[{\"label\": \"FA\", \"score\": 17, \"maxScore\": 20}]','[]',70.00,100.00),(1577,19,25,2,'2025/26','Semester 1',NULL,'2025-12-21 08:18:39','[{\"label\": \"FA\", \"score\": 12, \"maxScore\": 20}]','[]',56.70,100.00),(1578,23,25,2,'2025/26','Semester 1',NULL,'2025-12-21 08:18:39','[{\"label\": \"FA\", \"score\": 17, \"maxScore\": 20}]','[]',63.30,100.00),(1579,27,25,2,'2025/26','Semester 1',NULL,'2025-12-21 08:18:40','[{\"label\": \"FA\", \"score\": 18, \"maxScore\": 20}]','[]',46.70,100.00),(1580,22,25,2,'2025/26','Semester 1',NULL,'2025-12-21 08:18:40','[{\"label\": \"FA\", \"score\": 7, \"maxScore\": 20}]','[]',63.30,100.00),(1581,21,25,2,'2025/26','Semester 1',NULL,'2025-12-21 08:18:40','[{\"label\": \"FA\", \"score\": 17, \"maxScore\": 20}]','[]',96.70,100.00),(1582,17,25,2,'2025/26','Semester 1',NULL,'2025-12-21 08:18:40','[{\"label\": \"FA\", \"score\": 17, \"maxScore\": 20}]','[]',80.00,100.00),(1583,18,25,2,'2025/26','Semester 1',NULL,'2025-12-21 08:18:41','[{\"label\": \"FA\", \"score\": 17, \"maxScore\": 20}]','[]',73.30,100.00),(1584,16,25,2,'2025/26','Semester 1',NULL,'2025-12-21 08:18:41','[{\"label\": \"FA\", \"score\": 16, \"maxScore\": 20}]','[]',63.30,100.00),(1585,11,25,2,'2025/26','Semester 1',NULL,'2025-12-21 08:18:41','[{\"label\": \"FA\", \"score\": 17, \"maxScore\": 20}]','[]',73.30,100.00),(1586,25,25,2,'2025/26','Semester 1',NULL,'2025-12-21 08:18:41','[{\"label\": \"FA\", \"score\": 17, \"maxScore\": 20}]','[]',70.00,100.00),(1587,26,25,2,'2025/26','Semester 1',NULL,'2025-12-21 08:18:41','[{\"label\": \"FA\", \"score\": 20, \"maxScore\": 20}]','[]',83.30,100.00),(1588,15,25,2,'2025/26','Semester 1',NULL,'2025-12-21 08:18:41','[{\"label\": \"FA\", \"score\": 18, \"maxScore\": 20}]','[]',73.30,100.00),(1589,12,25,2,'2025/26','Semester 1',NULL,'2025-12-21 08:19:40','[{\"label\": \"FA\", \"score\": 19, \"maxScore\": 20}]','[]',66.70,100.00),(1590,28,30,2,'2025/26','Semester 1',NULL,'2025-12-21 08:29:40','[{\"label\": \"FA\", \"score\": 16, \"maxScore\": 20}]','[]',73.00,100.00),(1591,14,30,2,'2025/26','Semester 1',NULL,'2025-12-21 08:29:41','[{\"label\": \"FA\", \"score\": 16, \"maxScore\": 20}]','[]',86.00,100.00),(1592,24,30,2,'2025/26','Semester 1',NULL,'2025-12-21 08:29:41','[{\"label\": \"FA\", \"score\": 15, \"maxScore\": 20}]','[]',70.00,100.00),(1593,12,30,2,'2025/26','Semester 1',NULL,'2025-12-21 08:29:41','[{\"label\": \"FA\", \"score\": 13, \"maxScore\": 20}]','[]',87.00,100.00),(1594,20,30,2,'2025/26','Semester 1',NULL,'2025-12-21 08:29:41','[{\"label\": \"FA\", \"score\": 15, \"maxScore\": 20}]','[]',61.00,100.00),(1595,13,30,2,'2025/26','Semester 1',NULL,'2025-12-21 08:29:41','[{\"label\": \"FA\", \"score\": 16, \"maxScore\": 20}]','[]',56.00,100.00),(1596,19,30,2,'2025/26','Semester 1',NULL,'2025-12-21 08:29:42','[{\"label\": \"FA\", \"score\": 14, \"maxScore\": 20}]','[]',56.00,100.00),(1597,21,30,2,'2025/26','Semester 1',NULL,'2025-12-21 08:29:42','[{\"label\": \"FA\", \"score\": 16, \"maxScore\": 20}]','[]',67.00,100.00),(1598,23,30,2,'2025/26','Semester 1',NULL,'2025-12-21 08:29:42','[{\"label\": \"FA\", \"score\": 16, \"maxScore\": 20}]','[]',62.00,100.00),(1599,27,30,2,'2025/26','Semester 1',NULL,'2025-12-21 08:29:42','[{\"label\": \"FA\", \"score\": 13, \"maxScore\": 20}]','[]',70.00,100.00),(1600,22,30,2,'2025/26','Semester 1',NULL,'2025-12-21 08:29:42','[{\"label\": \"FA\", \"score\": 15, \"maxScore\": 20}]','[]',62.00,100.00),(1601,17,30,2,'2025/26','Semester 1',NULL,'2025-12-21 08:29:43','[{\"label\": \"FA\", \"score\": 16, \"maxScore\": 20}]','[]',71.00,100.00),(1602,18,30,2,'2025/26','Semester 1',NULL,'2025-12-21 08:29:44','[{\"label\": \"FA\", \"score\": 14, \"maxScore\": 20}]','[]',70.00,100.00),(1603,16,30,2,'2025/26','Semester 1',NULL,'2025-12-21 08:29:44','[{\"label\": \"FA\", \"score\": 15, \"maxScore\": 20}]','[]',66.00,100.00),(1604,11,30,2,'2025/26','Semester 1',NULL,'2025-12-21 08:29:44','[{\"label\": \"FA\", \"score\": 18, \"maxScore\": 20}]','[]',82.00,100.00),(1605,25,30,2,'2025/26','Semester 1',NULL,'2025-12-21 08:29:44','[{\"label\": \"FA\", \"score\": 16, \"maxScore\": 20}]','[]',55.00,100.00),(1606,26,30,2,'2025/26','Semester 1',NULL,'2025-12-21 08:29:44','[{\"label\": \"FA\", \"score\": 4, \"maxScore\": 20}]','[]',70.00,100.00),(1607,15,30,2,'2025/26','Semester 1',NULL,'2025-12-21 08:29:44','[{\"label\": \"FA\", \"score\": 15, \"maxScore\": 20}]','[]',55.00,100.00),(1608,38,45,5,'2025/26','Semester 1',NULL,'2025-12-21 07:39:12','[{\"label\": \"FA\", \"score\": 17, \"maxScore\": 20}]','[]',87.50,100.00),(1609,46,45,5,'2025/26','Semester 1',NULL,'2025-12-21 07:39:12','[{\"label\": \"FA\", \"score\": 14, \"maxScore\": 20}]','[]',77.50,100.00),(1610,44,45,5,'2025/26','Semester 1',NULL,'2025-12-21 07:39:12','[{\"label\": \"FA\", \"score\": 16, \"maxScore\": 20}]','[]',90.00,100.00),(1611,45,45,5,'2025/26','Semester 1',NULL,'2025-12-21 07:39:12','[{\"label\": \"FA\", \"score\": 17, \"maxScore\": 20}]','[]',80.00,100.00),(1612,42,45,5,'2025/26','Semester 1',NULL,'2025-12-21 07:39:12','[{\"label\": \"FA\", \"score\": 17, \"maxScore\": 20}]','[]',82.50,100.00),(1613,40,45,5,'2025/26','Semester 1',NULL,'2025-12-21 07:39:13','[{\"label\": \"FA\", \"score\": 16, \"maxScore\": 20}]','[]',77.50,100.00),(1614,39,45,5,'2025/26','Semester 1',NULL,'2025-12-21 07:39:14','[{\"label\": \"FA\", \"score\": 13, \"maxScore\": 20}]','[]',72.50,100.00),(1615,43,45,5,'2025/26','Semester 1',NULL,'2025-12-21 07:39:14','[{\"label\": \"FA\", \"score\": 15, \"maxScore\": 20}]','[]',80.00,100.00),(1616,41,45,5,'2025/26','Semester 1',NULL,'2025-12-21 07:39:14','[{\"label\": \"FA\", \"score\": 15, \"maxScore\": 20}]','[]',8.50,100.00),(1617,14,32,2,'2025/26','Semester 1',NULL,'2025-12-21 08:43:16','[{\"label\": \"FA\", \"score\": 10.2, \"maxScore\": 20}]','[]',60.00,100.00),(1618,12,32,2,'2025/26','Semester 1',NULL,'2025-12-21 08:43:16','[{\"label\": \"FA\", \"score\": 8.5, \"maxScore\": 20}]','[]',34.00,100.00),(1619,28,32,2,'2025/26','Semester 1',NULL,'2025-12-21 08:43:16','[{\"label\": \"FA\", \"score\": 14.4, \"maxScore\": 20}]','[]',68.00,100.00),(1620,24,32,2,'2025/26','Semester 1',NULL,'2025-12-21 08:43:16','[{\"label\": \"FA\", \"score\": 9.3, \"maxScore\": 20}]','[]',50.00,100.00),(1621,13,32,2,'2025/26','Semester 1',NULL,'2025-12-21 08:43:16','[{\"label\": \"FA\", \"score\": 10.9, \"maxScore\": 20}]','[]',45.00,100.00),(1622,20,32,2,'2025/26','Semester 1',NULL,'2025-12-21 08:43:17','[{\"label\": \"FA\", \"score\": 14.7, \"maxScore\": 20}]','[]',68.00,100.00),(1623,21,32,2,'2025/26','Semester 1',NULL,'2025-12-21 08:43:17','[{\"label\": \"FA\", \"score\": 9.5, \"maxScore\": 20}]','[]',45.00,100.00),(1624,19,32,2,'2025/26','Semester 1',NULL,'2025-12-21 08:43:17','[{\"label\": \"FA\", \"score\": 8.7, \"maxScore\": 20}]','[]',38.50,100.00),(1625,23,32,2,'2025/26','Semester 1',NULL,'2025-12-21 08:43:17','[{\"label\": \"FA\", \"score\": 12.8, \"maxScore\": 20}]','[]',55.00,100.00),(1626,27,32,2,'2025/26','Semester 1',NULL,'2025-12-21 08:43:18','[{\"label\": \"FA\", \"score\": 10.4, \"maxScore\": 20}]','[]',59.50,100.00),(1627,22,32,2,'2025/26','Semester 1',NULL,'2025-12-21 08:43:18','[{\"label\": \"FA\", \"score\": 10.3, \"maxScore\": 20}]','[]',41.00,100.00),(1628,17,32,2,'2025/26','Semester 1',NULL,'2025-12-21 08:43:18','[{\"label\": \"FA\", \"score\": 12.3, \"maxScore\": 20}]','[]',64.50,100.00),(1629,18,32,2,'2025/26','Semester 1',NULL,'2025-12-21 08:43:19','[{\"label\": \"FA\", \"score\": 12, \"maxScore\": 20}]','[]',47.00,100.00),(1630,11,32,2,'2025/26','Semester 1',NULL,'2025-12-21 08:43:19','[{\"label\": \"FA\", \"score\": 13.9, \"maxScore\": 20}]','[]',73.50,100.00),(1631,26,32,2,'2025/26','Semester 1',NULL,'2025-12-21 08:43:19','[{\"label\": \"FA\", \"score\": 13.7, \"maxScore\": 20}]','[]',75.50,100.00),(1632,16,32,2,'2025/26','Semester 1',NULL,'2025-12-21 08:43:20','[{\"label\": \"FA\", \"score\": 9.6, \"maxScore\": 20}]','[]',53.00,100.00),(1633,25,32,2,'2025/26','Semester 1',NULL,'2025-12-21 08:43:20','[{\"label\": \"FA\", \"score\": 12.2, \"maxScore\": 20}]','[]',58.50,100.00),(1634,15,32,2,'2025/26','Semester 1',NULL,'2025-12-21 08:43:21','[{\"label\": \"FA\", \"score\": 8.7, \"maxScore\": 20}]','[]',40.00,100.00),(1635,14,33,2,'2025/26','Semester 1',NULL,'2025-12-21 07:44:49','[{\"label\": \"FA\", \"score\": 16.9, \"maxScore\": 20}]','[]',84.00,100.00),(1636,28,33,2,'2025/26','Semester 1',NULL,'2025-12-21 07:44:49','[{\"label\": \"FA\", \"score\": 18.4, \"maxScore\": 20}]','[]',88.00,100.00),(1637,12,33,2,'2025/26','Semester 1',NULL,'2025-12-21 07:44:49','[{\"label\": \"FA\", \"score\": 18.8, \"maxScore\": 20}]','[]',83.00,100.00),(1638,13,33,2,'2025/26','Semester 1',NULL,'2025-12-21 07:44:49','[{\"label\": \"FA\", \"score\": 18.4, \"maxScore\": 20}]','[]',91.00,100.00),(1639,24,33,2,'2025/26','Semester 1',NULL,'2025-12-21 07:44:49','[{\"label\": \"FA\", \"score\": 17, \"maxScore\": 20}]','[]',63.00,100.00),(1640,20,33,2,'2025/26','Semester 1',NULL,'2025-12-21 07:44:49','[{\"label\": \"FA\", \"score\": 19.9, \"maxScore\": 20}]','[]',97.00,100.00),(1641,23,33,2,'2025/26','Semester 1',NULL,'2025-12-21 07:44:51','[{\"label\": \"FA\", \"score\": 15.9, \"maxScore\": 20}]','[]',65.00,100.00),(1642,27,33,2,'2025/26','Semester 1',NULL,'2025-12-21 07:44:52','[{\"label\": \"FA\", \"score\": 13.5, \"maxScore\": 20}]','[]',82.00,100.00),(1643,21,33,2,'2025/26','Semester 1',NULL,'2025-12-21 07:44:52','[{\"label\": \"FA\", \"score\": 6.1, \"maxScore\": 20}]','[]',97.00,100.00),(1644,22,33,2,'2025/26','Semester 1',NULL,'2025-12-21 07:44:52','[{\"label\": \"FA\", \"score\": 6, \"maxScore\": 20}]','[]',57.00,100.00),(1645,17,33,2,'2025/26','Semester 1',NULL,'2025-12-21 07:44:52','[{\"label\": \"FA\", \"score\": 16.2, \"maxScore\": 20}]','[]',95.00,100.00),(1646,19,33,2,'2025/26','Semester 1',NULL,'2025-12-21 07:44:52','[{\"label\": \"FA\", \"score\": 14.8, \"maxScore\": 20}]','[]',57.00,100.00),(1647,11,33,2,'2025/26','Semester 1',NULL,'2025-12-21 07:44:54','[{\"label\": \"FA\", \"score\": 18.9, \"maxScore\": 20}]','[]',96.00,100.00),(1648,26,33,2,'2025/26','Semester 1',NULL,'2025-12-21 07:44:54','[{\"label\": \"FA\", \"score\": 17.2, \"maxScore\": 20}]','[]',76.00,100.00),(1649,25,33,2,'2025/26','Semester 1',NULL,'2025-12-21 07:44:54','[{\"label\": \"FA\", \"score\": 15.4, \"maxScore\": 20}]','[]',55.00,100.00),(1650,16,33,2,'2025/26','Semester 1',NULL,'2025-12-21 07:44:54','[{\"label\": \"FA\", \"score\": 15.3, \"maxScore\": 20}]','[]',69.00,100.00),(1651,18,33,2,'2025/26','Semester 1',NULL,'2025-12-21 07:44:54','[{\"label\": \"FA\", \"score\": 17.2, \"maxScore\": 20}]','[]',51.00,100.00),(1652,15,33,2,'2025/26','Semester 1',NULL,'2025-12-21 07:44:54','[{\"label\": \"FA\", \"score\": 14.5, \"maxScore\": 20}]','[]',57.00,100.00),(1653,14,31,2,'2025/26','Semester 1',NULL,'2025-12-21 08:55:45','[{\"label\": \"FA\", \"score\": 9, \"maxScore\": 20}]','[]',66.00,100.00),(1654,28,31,2,'2025/26','Semester 1',NULL,'2025-12-21 08:55:45','[{\"label\": \"FA\", \"score\": 13, \"maxScore\": 20}]','[]',78.00,100.00),(1655,24,31,2,'2025/26','Semester 1',NULL,'2025-12-21 08:55:45','[{\"label\": \"FA\", \"score\": 9, \"maxScore\": 20}]','[]',54.00,100.00),(1656,20,31,2,'2025/26','Semester 1',NULL,'2025-12-21 08:55:45','[{\"label\": \"FA\", \"score\": 9, \"maxScore\": 20}]','[]',57.00,100.00),(1657,12,31,2,'2025/26','Semester 1',NULL,'2025-12-21 08:55:45','[{\"label\": \"FA\", \"score\": 5, \"maxScore\": 20}]','[]',51.00,100.00),(1658,13,31,2,'2025/26','Semester 1',NULL,'2025-12-21 08:55:46','[{\"label\": \"FA\", \"score\": 12, \"maxScore\": 20}]','[]',50.20,100.00),(1659,19,31,2,'2025/26','Semester 1',NULL,'2025-12-21 08:55:47','[{\"label\": \"FA\", \"score\": 8, \"maxScore\": 20}]','[]',26.50,100.00),(1660,21,31,2,'2025/26','Semester 1',NULL,'2025-12-21 08:55:47','[{\"label\": \"FA\", \"score\": 5, \"maxScore\": 20}]','[]',13.00,100.00),(1661,23,31,2,'2025/26','Semester 1',NULL,'2025-12-21 08:55:47','[{\"label\": \"FA\", \"score\": 9, \"maxScore\": 20}]','[]',47.50,100.00),(1662,27,31,2,'2025/26','Semester 1',NULL,'2025-12-21 08:55:47','[{\"label\": \"FA\", \"score\": 9, \"maxScore\": 20}]','[]',48.00,100.00),(1663,17,31,2,'2025/26','Semester 1',NULL,'2025-12-21 08:55:47','[{\"label\": \"FA\", \"score\": 17, \"maxScore\": 20}]','[]',45.00,100.00),(1664,22,31,2,'2025/26','Semester 1',NULL,'2025-12-21 08:55:48','[{\"label\": \"FA\", \"score\": 13, \"maxScore\": 20}]','[]',27.00,100.00),(1665,18,31,2,'2025/26','Semester 1',NULL,'2025-12-21 08:55:48','[{\"label\": \"FA\", \"score\": 6, \"maxScore\": 20}]','[]',32.00,100.00),(1666,16,31,2,'2025/26','Semester 1',NULL,'2025-12-21 08:55:48','[{\"label\": \"FA\", \"score\": 8, \"maxScore\": 20}]','[]',59.00,100.00),(1667,11,31,2,'2025/26','Semester 1',NULL,'2025-12-21 08:55:48','[{\"label\": \"FA\", \"score\": 15, \"maxScore\": 20}]','[]',86.00,100.00),(1668,26,31,2,'2025/26','Semester 1',NULL,'2025-12-21 08:55:49','[{\"label\": \"FA\", \"score\": 12, \"maxScore\": 20}]','[]',72.00,100.00),(1669,25,31,2,'2025/26','Semester 1',NULL,'2025-12-21 08:55:49','[{\"label\": \"FA\", \"score\": 10, \"maxScore\": 20}]','[]',48.00,100.00),(1670,15,31,2,'2025/26','Semester 1',NULL,'2025-12-21 08:55:49','[{\"label\": \"FA\", \"score\": 5, \"maxScore\": 20}]','[]',13.00,100.00),(1671,14,34,2,'2025/26','Semester 1',NULL,'2025-12-21 07:59:23','[{\"label\": \"FA\", \"score\": 14.6, \"maxScore\": 20}]','[]',90.00,100.00),(1672,13,34,2,'2025/26','Semester 1',NULL,'2025-12-21 07:59:23','[{\"label\": \"FA\", \"score\": 16.6, \"maxScore\": 20}]','[]',88.00,100.00),(1673,12,34,2,'2025/26','Semester 1',NULL,'2025-12-21 07:59:23','[{\"label\": \"FA\", \"score\": 14.7, \"maxScore\": 20}]','[]',79.00,100.00),(1674,28,34,2,'2025/26','Semester 1',NULL,'2025-12-21 07:59:23','[{\"label\": \"FA\", \"score\": 16.3, \"maxScore\": 20}]','[]',94.00,100.00),(1675,24,34,2,'2025/26','Semester 1',NULL,'2025-12-21 07:59:23','[{\"label\": \"FA\", \"score\": 14, \"maxScore\": 20}]','[]',81.00,100.00),(1676,20,34,2,'2025/26','Semester 1',NULL,'2025-12-21 07:59:23','[{\"label\": \"FA\", \"score\": 17.8, \"maxScore\": 20}]','[]',81.00,100.00),(1677,14,38,2,'2025/26','Semester 1',NULL,'2025-12-21 08:05:14','[{\"label\": \"FA\", \"score\": 14.5, \"maxScore\": 20}]','[]',72.00,100.00),(1678,19,38,2,'2025/26','Semester 1',NULL,'2025-12-21 08:05:14','[{\"label\": \"FA\", \"score\": 15.3, \"maxScore\": 20}]','[]',67.00,100.00),(1679,28,38,2,'2025/26','Semester 1',NULL,'2025-12-21 08:05:15','[{\"label\": \"FA\", \"score\": 16.9, \"maxScore\": 20}]','[]',90.00,100.00),(1680,21,38,2,'2025/26','Semester 1',NULL,'2025-12-21 08:05:15','[{\"label\": \"FA\", \"score\": 11.7, \"maxScore\": 20}]','[]',76.00,100.00),(1681,24,38,2,'2025/26','Semester 1',NULL,'2025-12-21 08:05:15','[{\"label\": \"FA\", \"score\": 14.9, \"maxScore\": 20}]','[]',76.00,100.00),(1682,23,38,2,'2025/26','Semester 1',NULL,'2025-12-21 08:05:15','[{\"label\": \"FA\", \"score\": 16.4, \"maxScore\": 20}]','[]',74.00,100.00),(1683,22,38,2,'2025/26','Semester 1',NULL,'2025-12-21 08:05:16','[{\"label\": \"FA\", \"score\": 13.7, \"maxScore\": 20}]','[]',61.00,100.00),(1684,13,38,2,'2025/26','Semester 1',NULL,'2025-12-21 08:05:16','[{\"label\": \"FA\", \"score\": 14, \"maxScore\": 20}]','[]',70.00,100.00),(1685,27,38,2,'2025/26','Semester 1',NULL,'2025-12-21 08:05:17','[{\"label\": \"FA\", \"score\": 13.3, \"maxScore\": 20}]','[]',65.00,100.00),(1686,12,38,2,'2025/26','Semester 1',NULL,'2025-12-21 08:05:17','[{\"label\": \"FA\", \"score\": 17.3, \"maxScore\": 20}]','[]',79.00,100.00),(1687,17,38,2,'2025/26','Semester 1',NULL,'2025-12-21 08:05:17','[{\"label\": \"FA\", \"score\": 15.8, \"maxScore\": 20}]','[]',68.00,100.00),(1688,20,38,2,'2025/26','Semester 1',NULL,'2025-12-21 08:05:17','[{\"label\": \"FA\", \"score\": 17.3, \"maxScore\": 20}]','[]',79.00,100.00),(1689,16,38,2,'2025/26','Semester 1',NULL,'2025-12-21 08:05:18','[{\"label\": \"FA\", \"score\": 11.2, \"maxScore\": 20}]','[]',57.00,100.00),(1690,18,38,2,'2025/26','Semester 1',NULL,'2025-12-21 08:05:19','[{\"label\": \"FA\", \"score\": 12.6, \"maxScore\": 20}]','[]',63.00,100.00),(1691,25,38,2,'2025/26','Semester 1',NULL,'2025-12-21 08:05:19','[{\"label\": \"FA\", \"score\": 13.6, \"maxScore\": 20}]','[]',74.00,100.00),(1692,15,38,2,'2025/26','Semester 1',NULL,'2025-12-21 08:05:19','[{\"label\": \"FA\", \"score\": 16.1, \"maxScore\": 20}]','[]',65.00,100.00),(1693,11,38,2,'2025/26','Semester 1',NULL,'2025-12-21 08:05:19','[{\"label\": \"FA\", \"score\": 17.8, \"maxScore\": 20}]','[]',87.00,100.00),(1694,26,38,2,'2025/26','Semester 1',NULL,'2025-12-21 08:05:20','[{\"label\": \"FA\", \"score\": 15, \"maxScore\": 20}]','[]',77.00,100.00),(1695,14,37,2,'2025/26','Semester 1',NULL,'2025-12-21 09:07:02','[{\"label\": \"FA\", \"score\": 16.7, \"maxScore\": 20}]','[]',75.00,100.00),(1696,20,37,2,'2025/26','Semester 1',NULL,'2025-12-21 09:07:03','[{\"label\": \"FA\", \"score\": 19.2, \"maxScore\": 20}]','[]',86.00,100.00),(1697,28,37,2,'2025/26','Semester 1',NULL,'2025-12-21 09:07:02','[{\"label\": \"FA\", \"score\": 17.3, \"maxScore\": 20}]','[]',90.00,100.00),(1698,12,37,2,'2025/26','Semester 1',NULL,'2025-12-21 09:07:02','[{\"label\": \"FA\", \"score\": 15.5, \"maxScore\": 20}]','[]',73.50,100.00),(1699,24,37,2,'2025/26','Semester 1',NULL,'2025-12-21 09:07:03','[{\"label\": \"FA\", \"score\": 16.4, \"maxScore\": 20}]','[]',82.00,100.00),(1700,13,37,2,'2025/26','Semester 1',NULL,'2025-12-21 09:07:03','[{\"label\": \"FA\", \"score\": 16.7, \"maxScore\": 20}]','[]',96.50,100.00),(1701,19,37,2,'2025/26','Semester 1',NULL,'2025-12-21 09:07:04','[{\"label\": \"FA\", \"score\": 16.3, \"maxScore\": 20}]','[]',56.50,100.00),(1702,21,37,2,'2025/26','Semester 1',NULL,'2025-12-21 09:07:04','[{\"label\": \"FA\", \"score\": 17, \"maxScore\": 20}]','[]',62.50,100.00),(1703,27,37,2,'2025/26','Semester 1',NULL,'2025-12-21 09:07:04','[{\"label\": \"FA\", \"score\": 15.7, \"maxScore\": 20}]','[]',81.50,100.00),(1704,22,37,2,'2025/26','Semester 1',NULL,'2025-12-21 09:07:05','[{\"label\": \"FA\", \"score\": 17.4, \"maxScore\": 20}]','[]',86.00,100.00),(1705,23,37,2,'2025/26','Semester 1',NULL,'2025-12-21 09:07:05','[{\"label\": \"FA\", \"score\": 15.4, \"maxScore\": 20}]','[]',90.00,100.00),(1706,17,37,2,'2025/26','Semester 1',NULL,'2025-12-21 09:07:05','[{\"label\": \"FA\", \"score\": 15.3, \"maxScore\": 20}]','[]',70.50,100.00),(1707,16,37,2,'2025/26','Semester 1',NULL,'2025-12-21 09:07:06','[{\"label\": \"FA\", \"score\": 13.4, \"maxScore\": 20}]','[]',58.00,100.00),(1708,18,37,2,'2025/26','Semester 1',NULL,'2025-12-21 09:07:06','[{\"label\": \"FA\", \"score\": 10.3, \"maxScore\": 20}]','[]',50.00,100.00),(1709,11,37,2,'2025/26','Semester 1',NULL,'2025-12-21 09:07:06','[{\"label\": \"FA\", \"score\": 15.9, \"maxScore\": 20}]','[]',68.00,100.00),(1710,26,37,2,'2025/26','Semester 1',NULL,'2025-12-21 09:07:07','[{\"label\": \"FA\", \"score\": 18, \"maxScore\": 20}]','[]',73.50,100.00),(1711,25,37,2,'2025/26','Semester 1',NULL,'2025-12-21 09:07:07','[{\"label\": \"FA\", \"score\": 16.6, \"maxScore\": 20}]','[]',63.00,100.00),(1712,15,37,2,'2025/26','Semester 1',NULL,'2025-12-21 09:07:07','[{\"label\": \"FA\", \"score\": 12.8, \"maxScore\": 20}]','[]',73.50,100.00),(1713,14,35,2,'2025/26','Semester 1',NULL,'2025-12-21 08:08:50','[{\"label\": \"FA\", \"score\": 16.5, \"maxScore\": 20}]','[]',68.00,100.00),(1714,19,35,2,'2025/26','Semester 1',NULL,'2025-12-21 08:08:50','[{\"label\": \"FA\", \"score\": 10.5, \"maxScore\": 20}]','[]',38.00,100.00),(1715,20,35,2,'2025/26','Semester 1',NULL,'2025-12-21 08:08:50','[{\"label\": \"FA\", \"score\": 15.6, \"maxScore\": 20}]','[]',93.50,100.00),(1716,24,35,2,'2025/26','Semester 1',NULL,'2025-12-21 08:08:50','[{\"label\": \"FA\", \"score\": 14.1, \"maxScore\": 20}]','[]',66.00,100.00),(1717,12,35,2,'2025/26','Semester 1',NULL,'2025-12-21 08:08:50','[{\"label\": \"FA\", \"score\": 12.3, \"maxScore\": 20}]','[]',21.00,100.00),(1718,28,35,2,'2025/26','Semester 1',NULL,'2025-12-21 08:08:50','[{\"label\": \"FA\", \"score\": 16.6, \"maxScore\": 20}]','[]',82.50,100.00),(1719,27,35,2,'2025/26','Semester 1',NULL,'2025-12-21 08:08:52','[{\"label\": \"FA\", \"score\": 13.5, \"maxScore\": 20}]','[]',70.00,100.00),(1720,22,35,2,'2025/26','Semester 1',NULL,'2025-12-21 08:08:52','[{\"label\": \"FA\", \"score\": 14.4, \"maxScore\": 20}]','[]',58.50,100.00),(1721,23,35,2,'2025/26','Semester 1',NULL,'2025-12-21 08:08:53','[{\"label\": \"FA\", \"score\": 14.1, \"maxScore\": 20}]','[]',58.00,100.00),(1722,13,35,2,'2025/26','Semester 1',NULL,'2025-12-21 08:08:53','[{\"label\": \"FA\", \"score\": 16.6, \"maxScore\": 20}]','[]',78.00,100.00),(1723,11,35,2,'2025/26','Semester 1',NULL,'2025-12-21 08:08:53','[{\"label\": \"FA\", \"score\": 16.9, \"maxScore\": 20}]','[]',79.00,100.00),(1724,21,35,2,'2025/26','Semester 1',NULL,'2025-12-21 08:08:54','[{\"label\": \"FA\", \"score\": 12.1, \"maxScore\": 20}]','[]',59.50,100.00),(1725,16,35,2,'2025/26','Semester 1',NULL,'2025-12-21 08:08:54','[{\"label\": \"FA\", \"score\": 11.4, \"maxScore\": 20}]','[]',42.00,100.00),(1726,18,35,2,'2025/26','Semester 1',NULL,'2025-12-21 08:08:54','[{\"label\": \"FA\", \"score\": 14.4, \"maxScore\": 20}]','[]',28.00,100.00),(1727,17,35,2,'2025/26','Semester 1',NULL,'2025-12-21 08:08:55','[{\"label\": \"FA\", \"score\": 16.4, \"maxScore\": 20}]','[]',79.00,100.00),(1728,15,35,2,'2025/26','Semester 1',NULL,'2025-12-21 08:08:55','[{\"label\": \"FA\", \"score\": 10.7, \"maxScore\": 20}]','[]',57.00,100.00),(1729,25,35,2,'2025/26','Semester 1',NULL,'2025-12-21 08:08:56','[{\"label\": \"FA\", \"score\": 17.9, \"maxScore\": 20}]','[]',77.50,100.00),(1730,26,35,2,'2025/26','Semester 1',NULL,'2025-12-21 08:08:56','[{\"label\": \"FA\", \"score\": 12.9, \"maxScore\": 20}]','[]',49.00,100.00),(1731,10,3,1,'2025/26','Semester 1',NULL,'2025-12-21 09:07:00','[{\"label\": \"FA\", \"score\": 1, \"maxScore\": 20}]','[]',44.00,100.00),(1732,12,36,2,'2025/26','Semester 1',NULL,'2025-12-21 10:22:20','[{\"label\": \"FA\", \"score\": 17, \"maxScore\": 20}]','[]',62.50,100.00),(1733,14,36,2,'2025/26','Semester 1',NULL,'2025-12-21 10:22:20','[{\"label\": \"FA\", \"score\": 16, \"maxScore\": 20}]','[]',77.50,100.00),(1734,13,36,2,'2025/26','Semester 1',NULL,'2025-12-21 10:22:20','[{\"label\": \"FA\", \"score\": 18, \"maxScore\": 20}]','[]',67.50,100.00),(1735,28,36,2,'2025/26','Semester 1',NULL,'2025-12-21 10:22:20','[{\"label\": \"FA\", \"score\": 19, \"maxScore\": 20}]','[]',92.00,100.00),(1736,20,36,2,'2025/26','Semester 1',NULL,'2025-12-21 10:22:20','[{\"label\": \"FA\", \"score\": 17, \"maxScore\": 20}]','[]',77.50,100.00),(1737,24,36,2,'2025/26','Semester 1',NULL,'2025-12-21 10:22:22','[{\"label\": \"FA\", \"score\": 17, \"maxScore\": 20}]','[]',73.00,100.00),(1738,19,36,2,'2025/26','Semester 1',NULL,'2025-12-21 10:22:22','[{\"label\": \"FA\", \"score\": 13, \"maxScore\": 20}]','[]',85.00,100.00),(1739,21,36,2,'2025/26','Semester 1',NULL,'2025-12-21 10:22:22','[{\"label\": \"FA\", \"score\": 16, \"maxScore\": 20}]','[]',56.30,100.00),(1740,27,36,2,'2025/26','Semester 1',NULL,'2025-12-21 10:22:23','[{\"label\": \"FA\", \"score\": 6, \"maxScore\": 20}]','[]',82.50,100.00),(1741,23,36,2,'2025/26','Semester 1',NULL,'2025-12-21 10:22:24','[{\"label\": \"FA\", \"score\": 16, \"maxScore\": 20}]','[]',91.30,100.00),(1742,22,36,2,'2025/26','Semester 1',NULL,'2025-12-21 10:22:24','[{\"label\": \"FA\", \"score\": 8, \"maxScore\": 20}]','[]',67.50,100.00),(1743,16,36,2,'2025/26','Semester 1',NULL,'2025-12-21 10:22:25','[{\"label\": \"FA\", \"score\": 8, \"maxScore\": 20}]','[]',73.80,100.00),(1744,11,36,2,'2025/26','Semester 1',NULL,'2025-12-21 10:22:25','[{\"label\": \"FA\", \"score\": 18, \"maxScore\": 20}]','[]',95.00,100.00),(1745,17,36,2,'2025/26','Semester 1',NULL,'2025-12-21 10:22:25','[{\"label\": \"FA\", \"score\": 18, \"maxScore\": 20}]','[]',72.50,100.00),(1746,18,36,2,'2025/26','Semester 1',NULL,'2025-12-21 10:22:25','[{\"label\": \"FA\", \"score\": 16, \"maxScore\": 20}]','[]',67.50,100.00),(1747,25,36,2,'2025/26','Semester 1',NULL,'2025-12-21 10:22:26','[{\"label\": \"FA\", \"score\": 16, \"maxScore\": 20}]','[]',53.80,100.00),(1748,15,36,2,'2025/26','Semester 1',NULL,'2025-12-21 10:22:27','[{\"label\": \"FA\", \"score\": 15, \"maxScore\": 20}]','[]',50.00,100.00),(1749,26,36,2,'2025/26','Semester 1',NULL,'2025-12-21 10:22:27','[{\"label\": \"FA\", \"score\": 15, \"maxScore\": 20}]','[]',81.30,100.00),(1750,19,34,2,'2025/26','Semester 1',NULL,'2025-12-21 09:30:11','[{\"label\": \"FA\", \"score\": 4.8, \"maxScore\": 20}]','[]',59.00,100.00),(1751,21,34,2,'2025/26','Semester 1',NULL,'2025-12-21 09:30:11','[{\"label\": \"FA\", \"score\": 17.1, \"maxScore\": 20}]','[]',85.00,100.00),(1752,23,34,2,'2025/26','Semester 1',NULL,'2025-12-21 09:30:11','[{\"label\": \"FA\", \"score\": 15.5, \"maxScore\": 20}]','[]',81.00,100.00),(1753,27,34,2,'2025/26','Semester 1',NULL,'2025-12-21 09:30:11','[{\"label\": \"FA\", \"score\": 11.9, \"maxScore\": 20}]','[]',79.50,100.00),(1754,17,34,2,'2025/26','Semester 1',NULL,'2025-12-21 09:30:12','[{\"label\": \"FA\", \"score\": 18.1, \"maxScore\": 20}]','[]',1.00,100.00),(1755,22,34,2,'2025/26','Semester 1',NULL,'2025-12-21 09:30:13','[{\"label\": \"FA\", \"score\": 16.2, \"maxScore\": 20}]','[]',86.00,100.00),(1756,16,34,2,'2025/26','Semester 1',NULL,'2025-12-21 09:30:13','[{\"label\": \"FA\", \"score\": 16, \"maxScore\": 20}]','[]',66.00,100.00),(1757,18,34,2,'2025/26','Semester 1',NULL,'2025-12-21 09:30:13','[{\"label\": \"FA\", \"score\": 15, \"maxScore\": 20}]','[]',93.00,100.00),(1758,11,34,2,'2025/26','Semester 1',NULL,'2025-12-21 09:30:14','[{\"label\": \"FA\", \"score\": 16.8, \"maxScore\": 20}]','[]',93.00,100.00),(1759,15,34,2,'2025/26','Semester 1',NULL,'2025-12-21 09:30:15','[{\"label\": \"FA\", \"score\": 12.5, \"maxScore\": 20}]','[]',83.00,100.00),(1760,25,34,2,'2025/26','Semester 1',NULL,'2025-12-21 09:30:15','[{\"label\": \"FA\", \"score\": 11.9, \"maxScore\": 20}]','[]',90.00,100.00),(1761,26,34,2,'2025/26','Semester 1',NULL,'2025-12-21 09:30:16','[{\"label\": \"FA\", \"score\": 15.2, \"maxScore\": 20}]','[]',83.00,100.00);
/*!40000 ALTER TABLE `Marks` ENABLE KEYS */;
UNLOCK TABLES;

--
-- Table structure for table `Special_Event`
--

DROP TABLE IF EXISTS `Special_Event`;
/*!40101 SET @saved_cs_client     = @@character_set_client */;
/*!50503 SET character_set_client = utf8mb4 */;
CREATE TABLE `Special_Event` (
  `event_id` int NOT NULL AUTO_INCREMENT,
  `title` varchar(150) NOT NULL,
  `description` text,
  `class_id` int DEFAULT NULL,
  `teacher_id` int DEFAULT NULL,
  `event_date` date NOT NULL,
  `start_time` time NOT NULL,
  `end_time` time NOT NULL,
  `override_timetable` tinyint(1) DEFAULT '1',
  `created_at` datetime DEFAULT NULL,
  `updated_at` datetime DEFAULT NULL,
  PRIMARY KEY (`event_id`),
  KEY `class_id` (`class_id`),
  KEY `teacher_id` (`teacher_id`),
  CONSTRAINT `Special_Event_ibfk_49` FOREIGN KEY (`class_id`) REFERENCES `Class` (`class_id`) ON DELETE CASCADE ON UPDATE CASCADE,
  CONSTRAINT `Special_Event_ibfk_50` FOREIGN KEY (`teacher_id`) REFERENCES `Employee` (`emp_id`) ON DELETE SET NULL ON UPDATE CASCADE
) ENGINE=InnoDB DEFAULT CHARSET=utf8mb4 COLLATE=utf8mb4_0900_ai_ci;
/*!40101 SET character_set_client = @saved_cs_client */;

--
-- Dumping data for table `Special_Event`
--

LOCK TABLES `Special_Event` WRITE;
/*!40000 ALTER TABLE `Special_Event` DISABLE KEYS */;
/*!40000 ALTER TABLE `Special_Event` ENABLE KEYS */;
UNLOCK TABLES;

--
-- Table structure for table `Student`
--

DROP TABLE IF EXISTS `Student`;
/*!40101 SET @saved_cs_client     = @@character_set_client */;
/*!50503 SET character_set_client = utf8mb4 */;
CREATE TABLE `Student` (
  `std_id` int NOT NULL AUTO_INCREMENT,
  `std_fname` varchar(50) NOT NULL,
  `std_lname` varchar(50) NOT NULL,
  `std_email` varchar(100) DEFAULT NULL,
  `std_dob` date NOT NULL,
  `std_gender` enum('Male','Female','Other') NOT NULL,
  `class_id` int DEFAULT NULL,
  `dpt_id` int DEFAULT NULL,
  `std_image` varchar(200) DEFAULT NULL,
  `std_mname` varchar(50) DEFAULT NULL,
  `std_nationality` varchar(50) DEFAULT NULL,
  `std_religion` varchar(50) DEFAULT NULL,
  `std_place_of_birth` varchar(100) DEFAULT NULL,
  `std_national_id` varchar(50) DEFAULT NULL,
  `std_password` varchar(255) NOT NULL,
  `std_phone` varchar(20) DEFAULT NULL,
  `std_address` varchar(255) DEFAULT NULL,
  `std_district` varchar(100) DEFAULT NULL,
  `std_country` varchar(100) DEFAULT 'Rwanda',
  `father_name` varchar(100) DEFAULT NULL,
  `father_phone` varchar(20) DEFAULT NULL,
  `father_national_id` varchar(50) DEFAULT NULL,
  `mother_name` varchar(100) DEFAULT NULL,
  `mother_phone` varchar(20) DEFAULT NULL,
  `mother_national_id` varchar(50) DEFAULT NULL,
  `guardian_name` varchar(100) DEFAULT NULL,
  `guardian_phone` varchar(20) DEFAULT NULL,
  `guardian_address` varchar(255) DEFAULT NULL,
  `emergency_contact_name` varchar(100) DEFAULT NULL,
  `emergency_contact_phone` varchar(20) DEFAULT NULL,
  `academic_year` varchar(20) DEFAULT NULL,
  `enrollment_date` date NOT NULL,
  `previous_school` varchar(200) DEFAULT NULL,
  `previous_school_address` varchar(255) DEFAULT NULL,
  `previous_school_report` varchar(255) DEFAULT NULL,
  `qr_code` varchar(255) DEFAULT NULL,
  `last_grade_completed` varchar(20) DEFAULT NULL,
  `transfer_reason` text,
  `medical_conditions` text,
  `allergies` text,
  `health_insurance` varchar(100) DEFAULT NULL,
  `std_status` enum('Active','Inactive','Transferred','Graduated','Suspended') NOT NULL DEFAULT 'Active',
  `admission_number` varchar(50) DEFAULT NULL,
  `notes` text,
  `created_at` datetime NOT NULL,
  `updated_at` datetime NOT NULL,
  PRIMARY KEY (`std_id`),
  UNIQUE KEY `std_email` (`std_email`),
  UNIQUE KEY `std_email_2` (`std_email`),
  UNIQUE KEY `std_email_3` (`std_email`),
  UNIQUE KEY `std_email_4` (`std_email`),
  UNIQUE KEY `std_email_5` (`std_email`),
  UNIQUE KEY `std_email_6` (`std_email`),
  UNIQUE KEY `std_email_7` (`std_email`),
  UNIQUE KEY `std_email_8` (`std_email`),
  UNIQUE KEY `std_email_9` (`std_email`),
  UNIQUE KEY `std_email_10` (`std_email`),
  UNIQUE KEY `std_national_id` (`std_national_id`),
  UNIQUE KEY `admission_number` (`admission_number`),
  UNIQUE KEY `std_email_11` (`std_email`),
  UNIQUE KEY `std_email_12` (`std_email`),
  UNIQUE KEY `std_national_id_2` (`std_national_id`),
  UNIQUE KEY `admission_number_2` (`admission_number`),
  UNIQUE KEY `std_email_13` (`std_email`),
  UNIQUE KEY `std_national_id_3` (`std_national_id`),
  UNIQUE KEY `admission_number_3` (`admission_number`),
  UNIQUE KEY `std_email_14` (`std_email`),
  UNIQUE KEY `std_national_id_4` (`std_national_id`),
  UNIQUE KEY `admission_number_4` (`admission_number`),
  UNIQUE KEY `std_email_15` (`std_email`),
  UNIQUE KEY `std_national_id_5` (`std_national_id`),
  UNIQUE KEY `admission_number_5` (`admission_number`),
  UNIQUE KEY `std_email_16` (`std_email`),
  UNIQUE KEY `std_national_id_6` (`std_national_id`),
  UNIQUE KEY `admission_number_6` (`admission_number`),
  UNIQUE KEY `std_email_17` (`std_email`),
  UNIQUE KEY `std_national_id_7` (`std_national_id`),
  UNIQUE KEY `admission_number_7` (`admission_number`),
  UNIQUE KEY `std_email_18` (`std_email`),
  UNIQUE KEY `std_national_id_8` (`std_national_id`),
  UNIQUE KEY `admission_number_8` (`admission_number`),
  UNIQUE KEY `std_email_19` (`std_email`),
  UNIQUE KEY `std_national_id_9` (`std_national_id`),
  UNIQUE KEY `admission_number_9` (`admission_number`),
  UNIQUE KEY `std_email_20` (`std_email`),
  UNIQUE KEY `std_national_id_10` (`std_national_id`),
  UNIQUE KEY `admission_number_10` (`admission_number`),
  UNIQUE KEY `std_email_21` (`std_email`),
  UNIQUE KEY `std_national_id_11` (`std_national_id`),
  UNIQUE KEY `admission_number_11` (`admission_number`),
  UNIQUE KEY `std_email_22` (`std_email`),
  UNIQUE KEY `std_national_id_12` (`std_national_id`),
  UNIQUE KEY `admission_number_12` (`admission_number`),
  UNIQUE KEY `std_email_23` (`std_email`),
  UNIQUE KEY `std_national_id_13` (`std_national_id`),
  UNIQUE KEY `admission_number_13` (`admission_number`),
  UNIQUE KEY `std_email_24` (`std_email`),
  UNIQUE KEY `std_national_id_14` (`std_national_id`),
  UNIQUE KEY `admission_number_14` (`admission_number`),
  UNIQUE KEY `std_email_25` (`std_email`),
  UNIQUE KEY `std_national_id_15` (`std_national_id`),
  UNIQUE KEY `admission_number_15` (`admission_number`),
  UNIQUE KEY `std_email_26` (`std_email`),
  UNIQUE KEY `std_national_id_16` (`std_national_id`),
  UNIQUE KEY `admission_number_16` (`admission_number`),
  UNIQUE KEY `std_email_27` (`std_email`),
  KEY `idx_student_class` (`class_id`),
  KEY `idx_student_status` (`std_status`),
  KEY `idx_student_admission` (`admission_number`),
  KEY `dpt_id` (`dpt_id`),
  CONSTRAINT `Student_ibfk_53` FOREIGN KEY (`class_id`) REFERENCES `Class` (`class_id`) ON DELETE SET NULL ON UPDATE CASCADE,
  CONSTRAINT `Student_ibfk_54` FOREIGN KEY (`dpt_id`) REFERENCES `Department` (`dpt_id`) ON DELETE SET NULL ON UPDATE CASCADE
) ENGINE=InnoDB AUTO_INCREMENT=47 DEFAULT CHARSET=utf8mb4 COLLATE=utf8mb4_0900_ai_ci;
/*!40101 SET character_set_client = @saved_cs_client */;

--
-- Dumping data for table `Student`
--

LOCK TABLES `Student` WRITE;
/*!40000 ALTER TABLE `Student` DISABLE KEYS */;
INSERT INTO `Student` VALUES (1,'BAMBE',' CHRIS','dehogyjyt@mailinator.com','2016-07-09','Female',1,NULL,NULL,'AINE','Aliqua Consequat A','Est velit eos beata','Commodi dolor aliqui','Aut incidunt obcaec','$2b$10$4qTsWp5RWDsGnF.4eXf0PeYaYrB1ovPgM0Si4oHdrf3/aNzoLNO02','+1 (287) 985-6687','Exercitation ipsam e','At aliqua Et laudan','Rwanda','Jescie Huffman','+1 (449) 325-3433','Sed fugiat aliquid ','Shelley Hudson','+1 (636) 169-2094','Aliquip veniam tene','MacKensie Hyde','+1 (927) 357-2626','Non qui fugit volup','Gavin Stevenson','+1 (695) 178-8136','2025-2026','2025-07-10','Esse dolore volupta','Aliquam distinctio ',NULL,NULL,'Obcaecati aliqua Ul','Laboris quasi magni ','Anim dolorem facere ','Harum doloremque exc','Voluptatum quia cons','Active','0012025','','2025-12-20 12:38:03','2025-12-21 10:29:42'),(2,'HAKUZWEYESU','BRUNO','xunaxam@mailinator.com','2008-05-26','Female',1,NULL,NULL,'','Id quam error tempor','Temporibus non qui v','Mollitia quod rerum ','Nemo saepe corporis ','$2b$10$3CpyvCcmhExnzYdj/WRI1ui5yDvgNOaLb1gB/7YMvfuZwkT6obFSe','+1 (426) 561-3831','Velit aute mollitia ','Dolor corporis moles','Rwanda','Tiger Lester','+1 (692) 644-4502','Iure adipisci eligen','Jakeem Simon','+1 (752) 179-6899','Error quis culpa con','Priscilla Wiggins','+1 (845) 613-3151','Sit nostrum quis dol','TaShya Rollins','+1 (743) 401-9959','2025/26','2025-07-16','Ea perferendis dolor','Architecto et et qui',NULL,NULL,'Quidem sed iste nemo','Velit et vitae persp','Omnis enim sed quo m','Beatae non non offic','Dolorem qui qui nost','Active','0022025','','2025-12-20 12:40:36','2025-12-20 12:40:36'),(3,'IMPANO','ASA','nary@mailinator.com','2025-12-19','Male',1,NULL,NULL,'','Voluptate perferendi','Quaerat nisi qui ut ','Occaecat occaecat no','Est cum a modi labor','$2b$10$Q4Ge5sJW/.bOrhQIz6yXD.7uE0coYsebj58sgk5WhGTe0yQIszy/y','+1 (606) 682-4898','Dolorem nulla in qui','Assumenda reprehende','Et cumque distinctio','Mercedes Mclaughlin','+1 (388) 354-3477','Officia ut nulla adi','Alexandra Figueroa','+1 (457) 295-2861','Eos occaecat dolorem','Wade Flores','+1 (138) 489-7126','Incidunt iusto atqu','Benedict Fry','+1 (922) 988-5649','1989','2025-04-07','In dignissimos volup','Obcaecati necessitat',NULL,NULL,'Duis nulla aut sit ','Quam debitis cupidit','Velit officiis ducim','Nesciunt sequi qui ','Eum enim nihil porro','Active','0032025','','2025-12-20 12:42:59','2025-12-20 15:15:03'),(4,'IRANKUNDA','PACIFIQUE','xycuve@mailinator.com','2023-03-06','Female',1,NULL,NULL,'','Praesentium id adip','In et sed dolore ea ','Qui vitae sed cum oc','Minus a sed nisi com','$2b$10$TMpJHBJphr9MrRCwkT9YaedB/YTDalaIzCSPCc6WjASA9aCd6yhPy','+1 (611) 512-2393','Illo quis dolorum re','Assumenda deserunt t','Labore reprehenderit','Glenna Payne','+1 (111) 325-1419','Odit eius deleniti c','Echo Grant','+1 (247) 267-9537','Et dolor est cupida','Marsden Mullins','+1 (454) 945-4985','Similique temporibus','Charde Howard','+1 (304) 447-2618','2025/26','2025-09-20','Sunt eiusmod possimu','Aut enim molestias r',NULL,NULL,'Duis pariatur Conse','Velit aut consequatu','Officia sint dicta ','Aperiam eum labore a','Est exercitationem e','Active','0042025','','2025-12-20 12:45:33','2025-12-20 15:15:04'),(5,'KAMIKAZI','  RUKUDO','sefoxu@mailinator.com','2022-03-05','Male',1,NULL,NULL,'TANIA','Consequuntur culpa ','Quibusdam excepturi ','Non blanditiis excep','Nostrud est labore ','$2b$10$JoGrQiV67/VYIEm1VNM0UOFoGl.9oaa17HVMszu7oN/E3EQTjrEma','+1 (999) 679-7612','Et est eum possimus','Maiores expedita inv','Est unde accusamus s','Gareth Randall','+1 (175) 861-8832','Sunt eos delectus q','Sonya Bradshaw','+1 (151) 306-9201','Minim molestias aute','Bianca Wilkerson','+1 (778) 169-6142','Nostrum doloremque a','Thomas Pierce','+1 (456) 669-9088','2025/2026','1989-10-09','Sit ea cumque omnis ','Ut inventore sint q',NULL,NULL,'Magna sint reprehend','Voluptas doloremque ','Repellendus Rerum c','Eaque ut est conseq','Ab doloremque volupt','Active','0052025','','2025-12-20 12:48:32','2025-12-21 10:37:04'),(6,'MANZI','MAC','siza@mailinator.com','2016-06-26','Female',1,NULL,NULL,'','Doloremque amet eni','Nulla sunt ea volupt','Nisi eu cillum quasi','Est sit sunt totam','$2b$10$Q5IB34UjnsMBgifQqxdsGO1HSgMDW9o19u3tp7bS8BTwSyDq1qnaW','+1 (866) 193-4211','Fuga Qui ipsa alia','Consectetur eum omni','Ea qui aut voluptati','Cassandra Maddox','+1 (192) 505-8911','Inventore sint cum ','Eaton Warren','+1 (567) 612-1454','Nulla velit tempora ','Stuart Wilkinson','+1 (286) 498-7447','Non perferendis aut ','Vivian Vazquez','+1 (946) 674-5101','2025/26','2021-01-03','Dicta quo qui nihil ','Cillum dolorem possi',NULL,NULL,'Aut incidunt ea vol','Dolore consequatur ','Nihil ipsum volupta','Voluptatem aut aliqu','Sit ut tempora reru','Active','0062025','','2025-12-20 12:50:57','2025-12-20 15:15:05'),(7,'MBONYUMUKUNZI','Aaron','zepopyf@mailinator.com','2016-11-18','Male',1,NULL,NULL,'','Dolore quo obcaecati','Saepe excepturi dolo','Quo velit quia et qu','Eiusmod at velit ali','$2b$10$6gMABifHvftI6rJBpVhHTO/ic06nDTxNqX6DNzt1S7kHS9yCaj3sG','+1 (855) 356-7575','Est occaecat except','Quod lorem minima in','Maxime dolorem sit ','Abdul Humphrey','+1 (277) 922-3347','Eum iure ut beatae a','Dorothy Cherry','+1 (515) 588-5605','Aute quod enim aut a','Scarlett Pope','+1 (156) 597-1664','Dolorem magnam offic','Sigourney Foley','+1 (593) 467-1619','2025/26','2022-04-16','Nisi omnis ea ex et','Earum enim mollitia ',NULL,NULL,'Aperiam eos qui ea ','Corporis dignissimos','In distinctio Est ','Voluptatem molestiae','Ut ea aperiam in sus','Active','0072025','','2025-12-20 12:56:03','2025-12-20 15:15:05'),(8,'MPANO','DAVID','dycaf@mailinator.com','1978-07-26','Male',1,NULL,NULL,'','Culpa dolor pariatu','Voluptas rem dolorem','Quasi a aliqua Cons','Vel voluptas enim id','$2b$10$umLMr7JoLmDrSVuUoD.NCeMu7ZJ7/gtWhKFixf56uGBjlY1g4tJmm','+1 (248) 467-1263','Quod tempora et nisi','Obcaecati nobis dolo','Aut et quam laborum','Ignacia Stevens','+1 (149) 488-4909','Quia sit sint sed t','Nevada Grant','+1 (562) 884-2648','Excepturi dolores su','Abdul Donovan','+1 (469) 498-7723','Proident odit quia ','May Montgomery','+1 (395) 116-5472','2025/26','2025-12-20','Facilis incidunt at','Nostrud id ex repudi',NULL,NULL,'Voluptate sunt conse','Aut ducimus irure f','Ea alias delectus f','Et aut ipsum dolor ','Est quod in ducimus','Active','0192025','Cupiditate quia aspe','2025-12-20 11:57:01','2025-12-20 15:15:06'),(9,'MUGISHA','GERMAIN','pybyw@mailinator.com','1989-02-15','Male',1,NULL,NULL,'','Tempora voluptatem ','Excepturi fugiat quo','Exercitationem qui e','Sit dolore quas sunt','$2b$10$GxLp6vyvdWzG2YTazWtWqe1Hksg5GM8pqhltZgRy5z4TMQ7qA.G9e','+1 (489) 467-1952','Eveniet consequat ','Facere magna officia','Sed odio ut aliqua ','Cassandra Ramirez','+1 (177) 429-5781','Ea consequuntur non ','Katell Brady','+1 (953) 726-7853','Reprehenderit veniam','Linda Fox','+1 (978) 279-6951','In autem saepe simil','Reagan Lyons','+1 (209) 494-7763','2025/26','2023-09-14','Commodo asperiores r','Eos sequi ea ipsum ',NULL,NULL,'Distinctio Adipisic','Sint praesentium et','Harum fuga Dolores ','Perferendis dolor ve','Officia quae volupta','Active','0082025','','2025-12-20 12:58:53','2025-12-20 15:15:06'),(10,'MUGUNGA','JONATHAN','sefupyzo@mailinator.com','2007-11-26','Male',1,NULL,NULL,'','Pariatur Magna non ','Veniam odit recusan','Id illo qui commodi ','Quibusdam assumenda ','$2b$10$rYcWVXwcn73wkZVh2cvpeOQgIWQiDHYEDaZ/AL8oSStpAHPVuPFsG','+1 (393) 414-2604','Ipsum possimus mol','Eius laboriosam dol','Adipisicing eligendi','Yoshio Golden','+1 (162) 288-4937','Repudiandae ullam es','Liberty Larson','+1 (363) 107-1453','Cupiditate distincti','Pandora Lester','+1 (129) 655-3626','Pariatur Saepe earu','Selma Rodriguez','+1 (787) 807-7381','2025/26','1983-05-02','Eaque qui dolor sed ','In molestias aut dol',NULL,NULL,'Molestias vitae nemo','Rerum placeat est ','Dolore modi corporis','Voluptas magni nobis','Et mollitia ea facil','Active','0092025','','2025-12-20 13:05:14','2025-12-20 15:15:07'),(11,'ABIRAGIYE','Rosette','abiragiye.rosette@example.com','2010-05-14','Female',2,NULL,NULL,'INEMA',NULL,NULL,NULL,NULL,'$2b$10$PLJOCxrR4oli9FQXAf5zwuzIz3PpkVTarT8JzsKbWVRR9JWOMAzvm',NULL,NULL,NULL,'Rwanda',NULL,NULL,NULL,NULL,NULL,NULL,NULL,NULL,NULL,NULL,NULL,'2025/26','2025-12-20',NULL,NULL,NULL,NULL,NULL,NULL,NULL,NULL,NULL,'Active','1002025',NULL,'2025-12-20 12:26:50','2025-12-20 12:26:50'),(12,'HIMBAZA','CALEB','himbaza.caleb@example.com','2009-09-20','Male',2,NULL,NULL,NULL,NULL,NULL,NULL,NULL,'$2b$10$IZzrwN3GkGVdHq9fjhYwau3lJ//n2ZLIi1StfGivvjdxIrshpseI2',NULL,NULL,NULL,'Rwanda',NULL,NULL,NULL,NULL,NULL,NULL,NULL,NULL,NULL,NULL,NULL,'2025/26','2025-12-20',NULL,NULL,NULL,NULL,NULL,NULL,NULL,NULL,NULL,'Active','1012025',NULL,'2025-12-20 12:26:55','2025-12-20 12:26:55'),(13,'HIRWA','ARNAUD','hirwa.arnaud@example.com','2010-01-11','Male',2,NULL,NULL,NULL,NULL,NULL,NULL,NULL,'$2b$10$6RjhfCJ3Y0LRlVQNkWolEOSGniRZx/uqDCUl/6wnX.9ocIx9WYgpm',NULL,NULL,NULL,'Rwanda',NULL,NULL,NULL,NULL,NULL,NULL,NULL,NULL,NULL,NULL,NULL,'2025/26','2025-12-20',NULL,NULL,NULL,NULL,NULL,NULL,NULL,NULL,NULL,'Active','1022025',NULL,'2025-12-20 12:26:59','2025-12-20 12:26:59'),(14,'IGANZE','ANELKA','iganze.anelka@example.com','2011-07-03','Female',2,NULL,NULL,NULL,NULL,NULL,NULL,NULL,'$2b$10$A5sn3AicEduy2Sdju4Fb0ubupM/E7KSfw/xK8clndnIQTFdXcs2ju',NULL,NULL,NULL,'Rwanda',NULL,NULL,NULL,NULL,NULL,NULL,NULL,NULL,NULL,NULL,NULL,'2025/26','2025-12-20',NULL,NULL,NULL,NULL,NULL,NULL,NULL,NULL,NULL,'Active','1032025',NULL,'2025-12-20 12:27:04','2025-12-20 12:27:04'),(15,'IGIRANEZA','YVES','igiraneza.yves@example.com','2009-11-28','Male',2,NULL,NULL,NULL,NULL,NULL,NULL,NULL,'$2b$10$FuuhGsKs0jRMEJq3jxAeye6sDURL3RBcfGPKDaJfej5BIWiOT57Xy',NULL,NULL,NULL,'Rwanda',NULL,NULL,NULL,NULL,NULL,NULL,NULL,NULL,NULL,NULL,NULL,'2025/26','2025-12-20',NULL,NULL,NULL,NULL,NULL,NULL,NULL,NULL,NULL,'Active','1042025',NULL,'2025-12-20 12:27:09','2025-12-20 12:27:09'),(16,'IMENA','OLGA','imena.olga@example.com','2010-03-19','Female',2,NULL,NULL,NULL,NULL,NULL,NULL,NULL,'$2b$10$07mViaShRoM0qcL5pApwIu72jpHqnFk20GO/1rHLS9/EDjHcb/guO',NULL,NULL,NULL,'Rwanda',NULL,NULL,NULL,NULL,NULL,NULL,NULL,NULL,NULL,NULL,NULL,'2025/26','2025-12-20',NULL,NULL,NULL,NULL,NULL,NULL,NULL,NULL,NULL,'Active','1052025',NULL,'2025-12-20 12:27:14','2025-12-20 12:27:14'),(17,'IRANZI','LOVE','iranzi.love@example.com','2011-02-07','Female',2,NULL,NULL,'MBABAZI',NULL,NULL,NULL,NULL,'$2b$10$4dBo3RZa1KVAKA/L8X.FIuWgi9vd.ebUtQBhOxhf62aHCShthr2wq',NULL,NULL,NULL,'Rwanda',NULL,NULL,NULL,NULL,NULL,NULL,NULL,NULL,NULL,NULL,NULL,'2025/26','2025-12-20',NULL,NULL,NULL,NULL,NULL,NULL,NULL,NULL,NULL,'Active','1062025',NULL,'2025-12-20 12:27:18','2025-12-20 12:27:18'),(18,'KAYINAMURA','NICOLE','kayinamura.nicole@example.com','2010-08-15','Female',2,NULL,NULL,'UWASE',NULL,NULL,NULL,NULL,'$2b$10$YoiaLjESwU7Pltmkf/A1Me4uM8UoBCbGpmAfVa2KXgvidc.mYAQEO',NULL,NULL,NULL,'Rwanda',NULL,NULL,NULL,NULL,NULL,NULL,NULL,NULL,NULL,NULL,NULL,'2025/26','2025-12-20',NULL,NULL,NULL,NULL,NULL,NULL,NULL,NULL,NULL,'Active','1072025',NULL,'2025-12-20 12:27:23','2025-12-20 12:27:23'),(19,'MUGISHA','DEBORAH','mugisha.deborah@example.com','2009-06-01','Female',2,NULL,NULL,'KEZA',NULL,NULL,NULL,NULL,'$2b$10$jzYUBvbrHy3gBP.GJEjLSuewAuTUYlnm2lRbM1VVF38e8Enh6r/Qy',NULL,NULL,NULL,'Rwanda',NULL,NULL,NULL,NULL,NULL,NULL,NULL,NULL,NULL,NULL,NULL,'2025/26','2025-12-20',NULL,NULL,NULL,NULL,NULL,NULL,NULL,NULL,NULL,'Active','1082025',NULL,'2025-12-20 12:27:27','2025-12-20 12:27:27'),(20,'MUHIRE','CALEB','muhire.caleb@example.com','2010-12-10','Male',2,NULL,NULL,NULL,NULL,NULL,NULL,NULL,'$2b$10$nJbkEAu6t/zed1vn4tyN7erF1wGyRzt9FJyAJIv8HYcpFVXU04uUm',NULL,NULL,NULL,'Rwanda',NULL,NULL,NULL,NULL,NULL,NULL,NULL,NULL,NULL,NULL,NULL,'2025/26','2025-12-20',NULL,NULL,NULL,NULL,NULL,NULL,NULL,NULL,NULL,'Active','1092025',NULL,'2025-12-20 12:27:31','2025-12-20 12:27:31'),(21,'MURINZI','DERRICK','murinzi.derrick@example.com','2009-04-18','Male',2,NULL,NULL,'MPANO',NULL,NULL,NULL,NULL,'$2b$10$r7OQLD3aoJn9sLPHPQUeQOCTs9685vrBWFzc9prPz5oLVqdpuSZBW',NULL,NULL,NULL,'Rwanda',NULL,NULL,NULL,NULL,NULL,NULL,NULL,NULL,NULL,NULL,NULL,'2025/26','2025-12-20',NULL,NULL,NULL,NULL,NULL,NULL,NULL,NULL,NULL,'Active','1102025',NULL,'2025-12-20 12:27:36','2025-12-20 12:27:36'),(22,'MUTESI','JESCA','mutesi.jesca@example.com','2011-01-29','Female',2,NULL,NULL,NULL,NULL,NULL,NULL,NULL,'$2b$10$fijQwbtL8I4P2CQtgINGkuUfzaDcUij5oaPDYMPyUGI0Z9bUXYjA2',NULL,NULL,NULL,'Rwanda',NULL,NULL,NULL,NULL,NULL,NULL,NULL,NULL,NULL,NULL,NULL,'2025/26','2025-12-20',NULL,NULL,NULL,NULL,NULL,NULL,NULL,NULL,NULL,'Active','1112025',NULL,'2025-12-20 12:27:40','2025-12-20 12:27:40'),(23,'NIYOMUSHUMBA','ELISSA','niyomushumba.elissa@example.com','2010-10-05','Female',2,NULL,NULL,NULL,NULL,NULL,NULL,NULL,'$2b$10$FPAz.x8YxYBqF3qZ1OjjxuHo6NyUHFesqDm0lz.XKaUtWE09Dk7pC',NULL,NULL,NULL,'Rwanda',NULL,NULL,NULL,NULL,NULL,NULL,NULL,NULL,NULL,NULL,NULL,'2025/26','2025-12-20',NULL,NULL,NULL,NULL,NULL,NULL,NULL,NULL,NULL,'Active','1122025',NULL,'2025-12-20 12:27:45','2025-12-20 12:27:45'),(24,'RUTANESHWA','ANGELO','rutaneshwa.angelo@example.com','2009-02-22','Male',2,NULL,NULL,'MORODEKAYI',NULL,NULL,NULL,NULL,'$2b$10$FWsNts10ht7SjUQ99/DCDevC.V5wYo4MHKegDijoqPoFwrBSwa.hW',NULL,NULL,NULL,'Rwanda',NULL,NULL,NULL,NULL,NULL,NULL,NULL,NULL,NULL,NULL,NULL,'2025/26','2025-12-20',NULL,NULL,NULL,NULL,NULL,NULL,NULL,NULL,NULL,'Active','1132025',NULL,'2025-12-20 12:27:49','2025-12-20 12:27:49'),(25,'SONGA','YVAN','songa.yvan@example.com','2010-06-30','Male',2,NULL,NULL,'HABARUGIRA',NULL,NULL,NULL,NULL,'$2b$10$A8xZrU6/YuTS/lHZ3YHMH..t6qYIdBxuPYhgGbPDOwkE2MwK95GJy',NULL,NULL,NULL,'Rwanda',NULL,NULL,NULL,NULL,NULL,NULL,NULL,NULL,NULL,NULL,NULL,'2025/26','2025-12-20',NULL,NULL,NULL,NULL,NULL,NULL,NULL,NULL,NULL,'Active','1142025',NULL,'2025-12-20 12:27:54','2025-12-20 12:27:54'),(26,'UWIZEYE','Samia','uwizeye.samia@example.com','2011-09-12','Female',2,NULL,NULL,'Queen',NULL,NULL,NULL,NULL,'$2b$10$1YTPsgIt1fD6h61A/uxORe38Y3y2G7gjk7SlFIEy6ADcUoSUxFlsy',NULL,NULL,NULL,'Rwanda',NULL,NULL,NULL,NULL,NULL,NULL,NULL,NULL,NULL,NULL,NULL,'2025/26','2025-12-20',NULL,NULL,NULL,NULL,NULL,NULL,NULL,NULL,NULL,'Active','1152025',NULL,'2025-12-20 12:27:58','2025-12-20 12:27:58'),(27,'UWUMUCYO','JEANINE','uwumucyo.jeanine@example.com','2010-11-01','Female',2,NULL,NULL,NULL,NULL,NULL,NULL,NULL,'$2b$10$U86tXfZlJiKqDNDkWlzPx.IPAuS1sqRwR05aibQFCv4AzQ.CWp4sy',NULL,NULL,NULL,'Rwanda',NULL,NULL,NULL,NULL,NULL,NULL,NULL,NULL,NULL,NULL,NULL,'2025/26','2025-12-20',NULL,NULL,NULL,NULL,NULL,NULL,NULL,NULL,NULL,'Active','1162025',NULL,'2025-12-20 12:28:03','2025-12-20 12:28:03'),(28,'ZIRIMWABAGABO','ACHILLE','zirimwabagabo.achille@example.com','2009-07-17','Male',2,NULL,NULL,'MUHUMUZA',NULL,NULL,NULL,NULL,'$2b$10$RQ.SQiDkcgow1cfjlHwL/.5WFUz.Ki3JrHdxYc1Fv/PuXbDfWyiLm',NULL,NULL,NULL,'Rwanda',NULL,NULL,NULL,NULL,NULL,NULL,NULL,NULL,NULL,NULL,NULL,'2025/26','2025-12-20',NULL,NULL,NULL,NULL,NULL,NULL,NULL,NULL,NULL,'Active','1172025',NULL,'2025-12-20 12:28:07','2025-12-20 12:28:07'),(29,'MUKUNZI','PRESLEY','GBSIOF@GMAIL.COM','2005-01-01','Male',1,NULL,NULL,'NSHUTI',NULL,NULL,NULL,NULL,'$2b$10$PBCH.61Lnm/DtRgrlYWTrePyU9rnsvDHcsGELt0L2A39UxPxPakiu',NULL,NULL,NULL,'Rwanda',NULL,NULL,NULL,NULL,NULL,NULL,NULL,NULL,NULL,NULL,NULL,'2025/26','2025-12-20',NULL,NULL,NULL,NULL,NULL,NULL,NULL,NULL,NULL,'Active','0102025',NULL,'2025-12-20 13:52:13','2025-12-21 10:34:16'),(30,'MUSHATSI',' DIANDRA','seLfoxu@mailinator.com','2006-01-01','Female',1,NULL,NULL,'BWIZA',NULL,NULL,NULL,NULL,'$2b$10$y8LXBVMMkxMRK9mfQsGgY.TAWffeM1p.W2bn9U0KDwhAGYAFGbUSG',NULL,NULL,NULL,'Rwanda',NULL,NULL,NULL,NULL,NULL,NULL,NULL,NULL,NULL,NULL,NULL,'2025/26','2025-12-20',NULL,NULL,NULL,NULL,NULL,NULL,NULL,NULL,NULL,'Active','0112025',NULL,'2025-12-20 13:52:14','2025-12-21 10:37:54'),(31,'NIYONSABA','EMMANUEL',NULL,'2005-01-01','Male',1,NULL,NULL,NULL,NULL,NULL,NULL,NULL,'$2b$10$qqVo7pUFQzdYr9PBK1E9iedbAbrFE4SLbXllLygwG199gEKtLo.ba',NULL,NULL,NULL,'Rwanda',NULL,NULL,NULL,NULL,NULL,NULL,NULL,NULL,NULL,NULL,NULL,'2025/26','2025-12-20',NULL,NULL,NULL,NULL,NULL,NULL,NULL,NULL,NULL,'Active','0122025',NULL,'2025-12-20 13:52:14','2025-12-20 13:52:14'),(32,'RWISUMBURASHEMA','RYAN',NULL,'2006-01-01','Male',1,NULL,NULL,NULL,NULL,NULL,NULL,NULL,'$2b$10$DbIgIADRrI.QwQhSxTKHKOjmtzTSP6IXTGdUHSo/4iIrWEtE1CJ4y',NULL,NULL,NULL,'Rwanda',NULL,NULL,NULL,NULL,NULL,NULL,NULL,NULL,NULL,NULL,NULL,'2025/26','2025-12-20',NULL,NULL,NULL,NULL,NULL,NULL,NULL,NULL,NULL,'Active','0132025',NULL,'2025-12-20 13:52:15','2025-12-20 13:52:15'),(33,'SHIMWA','KAYIJAMAHE','GBSKIOF@GMAIL.COM','2006-01-01','Male',1,NULL,NULL,'ROSS KELLY',NULL,NULL,NULL,NULL,'$2b$10$T5my5y3BObL/iHR0Zmm6fOsBOeP69IiQSLj/var1hMG7ZBLudE4Ca',NULL,NULL,NULL,'Rwanda',NULL,NULL,NULL,NULL,NULL,NULL,NULL,NULL,NULL,NULL,NULL,'2025/26','2025-12-20',NULL,NULL,NULL,NULL,NULL,NULL,NULL,NULL,NULL,'Active','0142025',NULL,'2025-12-20 13:52:16','2025-12-21 10:35:24'),(34,'SHINGIRO','NAEL',NULL,'2006-01-01','Male',1,NULL,NULL,NULL,NULL,NULL,NULL,NULL,'$2b$10$H0361C46kwLfrtZrpVH38uDoRE4Ns3jdV1MM/EOu..DYtnMMZIsuK',NULL,NULL,NULL,'Rwanda',NULL,NULL,NULL,NULL,NULL,NULL,NULL,NULL,NULL,NULL,NULL,'2025/26','2025-12-20',NULL,NULL,NULL,NULL,NULL,NULL,NULL,NULL,NULL,'Active','0152025',NULL,'2025-12-20 13:52:16','2025-12-20 13:52:16'),(35,'UMUGWANEZA','KIZITO',NULL,'2005-01-01','Male',1,NULL,NULL,NULL,NULL,NULL,NULL,NULL,'$2b$10$sZ.VdlWGGtAnqWIRYUNiouNKhnBDX3lAMmjZjKqHjS2wBrC1cuaMK',NULL,NULL,NULL,'Rwanda',NULL,NULL,NULL,NULL,NULL,NULL,NULL,NULL,NULL,NULL,NULL,'2025/26','2025-12-20',NULL,NULL,NULL,NULL,NULL,NULL,NULL,NULL,NULL,'Active','0162025',NULL,'2025-12-20 13:52:17','2025-12-20 13:52:17'),(36,'UWIMANA','BENITIEN',NULL,'2005-01-01','Male',1,NULL,NULL,NULL,NULL,NULL,NULL,NULL,'$2b$10$ZkxJnR2tc1yjOFOvojYM8.4ML4U/wSutY5CJKtjAarxU7c.hdujEy',NULL,NULL,NULL,'Rwanda',NULL,NULL,NULL,NULL,NULL,NULL,NULL,NULL,NULL,NULL,NULL,'2025/26','2025-12-20',NULL,NULL,NULL,NULL,NULL,NULL,NULL,NULL,NULL,'Active','0172025',NULL,'2025-12-20 13:52:17','2025-12-20 13:52:17'),(37,'Uwishema','Erene',NULL,'2006-01-01','Female',1,NULL,NULL,NULL,NULL,NULL,NULL,NULL,'$2b$10$Ne9pG4ljqMwZL7oKxG0oLuK67F2aFWiIFMK9.Djfoa0u8GHfGEh6O',NULL,NULL,NULL,'Rwanda',NULL,NULL,NULL,NULL,NULL,NULL,NULL,NULL,NULL,NULL,NULL,'2025/26','2025-12-20',NULL,NULL,NULL,NULL,NULL,NULL,NULL,NULL,NULL,'Active','0182025',NULL,'2025-12-20 13:52:18','2025-12-20 13:52:18'),(38,'GISUBIZO','',NULL,'2006-01-01','Male',5,NULL,NULL,NULL,NULL,NULL,NULL,NULL,'$2b$10$iSaFqm7VHeJ8rgARgsYyEupdPtAWirZxkewWJw3/2LDZHgAf79r7G',NULL,NULL,NULL,'Rwanda',NULL,NULL,NULL,NULL,NULL,NULL,NULL,NULL,NULL,NULL,NULL,'2025/26','2025-12-20',NULL,NULL,NULL,NULL,NULL,NULL,NULL,NULL,NULL,'Active','25001',NULL,'2025-12-20 14:06:55','2025-12-20 14:06:55'),(39,'INEZA','JOCIA',NULL,'2006-01-01','Female',5,NULL,NULL,'RUTIJANDA DEBORAH',NULL,NULL,NULL,NULL,'$2b$10$0eZyGMsUkvW0O2TkPdv9OOl7pXhP4Sagblmc0QCbQlW9tvEnX3kke',NULL,NULL,NULL,'Rwanda',NULL,NULL,NULL,NULL,NULL,NULL,NULL,NULL,NULL,NULL,NULL,'2025/26','2025-12-20',NULL,NULL,NULL,NULL,NULL,NULL,NULL,NULL,NULL,'Active','25002',NULL,'2025-12-20 14:06:56','2025-12-20 14:06:56'),(40,'INGABIRE','HONETTE',NULL,'2006-01-01','Female',5,NULL,NULL,'UMUGISHA',NULL,NULL,NULL,NULL,'$2b$10$ynVPRnwCkhqPOqgcUyhkaeoFuJeBWNva/Rgdxw4dkOo9tjdnKxb5K',NULL,NULL,NULL,'Rwanda',NULL,NULL,NULL,NULL,NULL,NULL,NULL,NULL,NULL,NULL,NULL,'2025/26','2025-12-20',NULL,NULL,NULL,NULL,NULL,NULL,NULL,NULL,NULL,'Active','25003',NULL,'2025-12-20 14:06:56','2025-12-20 14:06:56'),(41,'IRATUZI','WIVINE',NULL,'2006-01-01','Female',5,NULL,NULL,NULL,NULL,NULL,NULL,NULL,'$2b$10$1SwHrbq035pswoLMkH0jhefSJg7PJ8EtxJBBW0DBrgGS8rJ5rnpZK',NULL,NULL,NULL,'Rwanda',NULL,NULL,NULL,NULL,NULL,NULL,NULL,NULL,NULL,NULL,NULL,'2025/26','2025-12-20',NULL,NULL,NULL,NULL,NULL,NULL,NULL,NULL,NULL,'Active','25004',NULL,'2025-12-20 14:06:57','2025-12-20 14:06:57'),(42,'ISHIMWE','ANDY',NULL,'2006-01-01','Male',5,NULL,NULL,NULL,NULL,NULL,NULL,NULL,'$2b$10$cdLMqPr0KpcmtMPSTYukDeOib.Z.xAbXUZGl9jrfHOCr.RAlIjuJK',NULL,NULL,NULL,'Rwanda',NULL,NULL,NULL,NULL,NULL,NULL,NULL,NULL,NULL,NULL,NULL,'2025/26','2025-12-20',NULL,NULL,NULL,NULL,NULL,NULL,NULL,NULL,NULL,'Active','25006',NULL,'2025-12-20 14:06:58','2025-12-20 14:06:58'),(43,'ISHIMWE','VANILA',NULL,'2006-01-01','Female',5,NULL,NULL,NULL,NULL,NULL,NULL,NULL,'$2b$10$bazs8YIvedwp3gj50rQEX.Vp8f/B2gc6kRjfpxZamI.C0o0ZD7P9q',NULL,NULL,NULL,'Rwanda',NULL,NULL,NULL,NULL,NULL,NULL,NULL,NULL,NULL,NULL,NULL,'2025/26','2025-12-20',NULL,NULL,NULL,NULL,NULL,NULL,NULL,NULL,NULL,'Active','25007',NULL,'2025-12-20 14:06:58','2025-12-20 14:06:58'),(44,'ISIMBI','BERNICE',NULL,'2006-01-01','Female',5,NULL,NULL,'EVA',NULL,NULL,NULL,NULL,'$2b$10$IJ0ixG46/6D0FiEwYlzkpOgxYmRrVqEGo9OVAreZ6NnwGD2u4rJM2',NULL,NULL,NULL,'Rwanda',NULL,NULL,NULL,NULL,NULL,NULL,NULL,NULL,NULL,NULL,NULL,'2025/26','2025-12-20',NULL,NULL,NULL,NULL,NULL,NULL,NULL,NULL,NULL,'Active','25008',NULL,'2025-12-20 14:06:59','2025-12-20 14:06:59'),(45,'KWIZERA','DAVID',NULL,'2006-01-01','Male',5,NULL,NULL,NULL,NULL,NULL,NULL,NULL,'$2b$10$Ywxge8N4zJAINPRfgu0H0eY/88JDIYl1UtiuSXJnZu0Zvfo5jV4iO',NULL,NULL,NULL,'Rwanda',NULL,NULL,NULL,NULL,NULL,NULL,NULL,NULL,NULL,NULL,NULL,'2025/26','2025-12-20',NULL,NULL,NULL,NULL,NULL,NULL,NULL,NULL,NULL,'Active','25009',NULL,'2025-12-20 14:06:59','2025-12-20 14:06:59'),(46,'RUKIZANGABO','BENJAMINE',NULL,'2006-01-01','Male',5,NULL,NULL,'ARMAND',NULL,NULL,NULL,NULL,'$2b$10$9H8jARs1vqCPW6xRyFBomec0jgQHyM2vmAce/Y8sPQ8JWSLFSXwLW',NULL,NULL,NULL,'Rwanda',NULL,NULL,NULL,NULL,NULL,NULL,NULL,NULL,NULL,NULL,NULL,'2025/26','2025-12-20',NULL,NULL,NULL,NULL,NULL,NULL,NULL,NULL,NULL,'Active','25010',NULL,'2025-12-20 14:07:00','2025-12-20 14:07:00');
/*!40000 ALTER TABLE `Student` ENABLE KEYS */;
UNLOCK TABLES;

--
-- Table structure for table `StudentMark`
--

DROP TABLE IF EXISTS `StudentMark`;
/*!40101 SET @saved_cs_client     = @@character_set_client */;
/*!50503 SET character_set_client = utf8mb4 */;
CREATE TABLE `StudentMark` (
  `mark_id` int NOT NULL AUTO_INCREMENT,
  `std_id` int NOT NULL,
  `sbj_id` int NOT NULL,
  `emp_id` int NOT NULL,
  `mark_type` enum('assessment','exam') NOT NULL,
  `marks` float NOT NULL,
  `weight_percentage` float NOT NULL DEFAULT '100',
  `total_score` float DEFAULT NULL,
  `status` enum('active','archived') DEFAULT 'active',
  `createdAt` datetime NOT NULL,
  `updatedAt` datetime NOT NULL,
  PRIMARY KEY (`mark_id`),
  KEY `std_id` (`std_id`),
  KEY `sbj_id` (`sbj_id`),
  KEY `emp_id` (`emp_id`),
  CONSTRAINT `StudentMark_ibfk_43` FOREIGN KEY (`std_id`) REFERENCES `Student` (`std_id`),
  CONSTRAINT `StudentMark_ibfk_44` FOREIGN KEY (`sbj_id`) REFERENCES `Subject` (`sbj_id`),
  CONSTRAINT `StudentMark_ibfk_45` FOREIGN KEY (`emp_id`) REFERENCES `Employee` (`emp_id`)
) ENGINE=InnoDB DEFAULT CHARSET=utf8mb4 COLLATE=utf8mb4_0900_ai_ci;
/*!40101 SET character_set_client = @saved_cs_client */;

--
-- Dumping data for table `StudentMark`
--

LOCK TABLES `StudentMark` WRITE;
/*!40000 ALTER TABLE `StudentMark` DISABLE KEYS */;
/*!40000 ALTER TABLE `StudentMark` ENABLE KEYS */;
UNLOCK TABLES;

--
-- Table structure for table `Subject`
--

DROP TABLE IF EXISTS `Subject`;
/*!40101 SET @saved_cs_client     = @@character_set_client */;
/*!50503 SET character_set_client = utf8mb4 */;
CREATE TABLE `Subject` (
  `sbj_id` int NOT NULL AUTO_INCREMENT,
  `sbj_name` varchar(100) NOT NULL,
  `sbj_credit` int DEFAULT NULL,
  `sbj_totalmax` int DEFAULT NULL,
  `sbj_code` varchar(20) NOT NULL,
  `teacher_id` int DEFAULT NULL,
  `class_id` int DEFAULT NULL,
  `dpt_id` int DEFAULT NULL,
  `category_type` enum('GENERAL','COMPLEMENTARY','CORE') NOT NULL DEFAULT 'GENERAL',
  PRIMARY KEY (`sbj_id`),
  UNIQUE KEY `sbj_code` (`sbj_code`),
  UNIQUE KEY `sbj_code_2` (`sbj_code`),
  UNIQUE KEY `sbj_code_3` (`sbj_code`),
  UNIQUE KEY `sbj_code_4` (`sbj_code`),
  UNIQUE KEY `sbj_code_5` (`sbj_code`),
  UNIQUE KEY `sbj_code_6` (`sbj_code`),
  UNIQUE KEY `sbj_code_7` (`sbj_code`),
  UNIQUE KEY `sbj_code_8` (`sbj_code`),
  UNIQUE KEY `sbj_code_9` (`sbj_code`),
  UNIQUE KEY `sbj_code_10` (`sbj_code`),
  UNIQUE KEY `sbj_code_11` (`sbj_code`),
  UNIQUE KEY `sbj_code_12` (`sbj_code`),
  UNIQUE KEY `sbj_code_13` (`sbj_code`),
  UNIQUE KEY `sbj_code_14` (`sbj_code`),
  UNIQUE KEY `sbj_code_15` (`sbj_code`),
  UNIQUE KEY `sbj_code_16` (`sbj_code`),
  UNIQUE KEY `sbj_code_17` (`sbj_code`),
  UNIQUE KEY `sbj_code_18` (`sbj_code`),
  UNIQUE KEY `sbj_code_19` (`sbj_code`),
  UNIQUE KEY `sbj_code_20` (`sbj_code`),
  UNIQUE KEY `sbj_code_21` (`sbj_code`),
  UNIQUE KEY `sbj_code_22` (`sbj_code`),
  UNIQUE KEY `sbj_code_23` (`sbj_code`),
  UNIQUE KEY `sbj_code_24` (`sbj_code`),
  UNIQUE KEY `sbj_code_25` (`sbj_code`),
  KEY `idx_subject_teacher` (`teacher_id`),
  KEY `class_id` (`class_id`),
  KEY `dpt_id` (`dpt_id`),
  CONSTRAINT `Subject_ibfk_73` FOREIGN KEY (`teacher_id`) REFERENCES `Employee` (`emp_id`) ON DELETE SET NULL ON UPDATE CASCADE,
  CONSTRAINT `Subject_ibfk_74` FOREIGN KEY (`class_id`) REFERENCES `Class` (`class_id`) ON DELETE CASCADE ON UPDATE CASCADE,
  CONSTRAINT `Subject_ibfk_75` FOREIGN KEY (`dpt_id`) REFERENCES `Department` (`dpt_id`) ON DELETE SET NULL ON UPDATE CASCADE
) ENGINE=InnoDB AUTO_INCREMENT=60 DEFAULT CHARSET=utf8mb4 COLLATE=utf8mb4_0900_ai_ci;
/*!40101 SET character_set_client = @saved_cs_client */;

--
-- Dumping data for table `Subject`
--

LOCK TABLES `Subject` WRITE;
/*!40000 ALTER TABLE `Subject` DISABLE KEYS */;
INSERT INTO `Subject` VALUES (1,'Describe occupation and learning process',NULL,NULL,'CCMOL302',NULL,NULL,NULL,'COMPLEMENTARY'),(2,'Develop Website',NULL,NULL,'SWDWD301',NULL,NULL,NULL,'CORE'),(3,'Apply JavaScript',NULL,NULL,'SWDJF301',NULL,NULL,NULL,'CORE'),(4,'Conduct Version Control',NULL,NULL,'SWDVC301',NULL,NULL,NULL,'CORE'),(5,'Analyze project requirements',NULL,NULL,'SWDPR301',NULL,NULL,NULL,'CORE'),(6,'Design UI/UX',NULL,NULL,'SWDUX301',NULL,NULL,NULL,'CORE'),(7,'Develop game in Vue',NULL,NULL,'SWDVF301',NULL,NULL,NULL,'CORE'),(8,'Communication skills at the workplace',NULL,NULL,'CCMIA301',NULL,NULL,NULL,'CORE'),(9,'Apply basic graphics design',NULL,NULL,'GENGD301',NULL,NULL,NULL,'GENERAL'),(10,'Apply Algrebra and Trigonometry',NULL,NULL,'GENAM301',NULL,NULL,NULL,'GENERAL'),(11,'Appy general physics',NULL,NULL,'GENPY301',NULL,NULL,NULL,'GENERAL'),(12,'Maintain SHE at the workplace',NULL,NULL,'CCMHE302',NULL,NULL,NULL,'COMPLEMENTARY'),(13,'Communicate simply using English in familiar situation',NULL,NULL,'CCMEN302',NULL,NULL,NULL,'COMPLEMENTARY'),(14,'Apply computer literacy',NULL,NULL,'CCMCL302',NULL,NULL,NULL,'COMPLEMENTARY'),(15,'Gukoresha Ikinyarwanda Kiboneye',NULL,NULL,'CCMKN302',NULL,NULL,NULL,'COMPLEMENTARY'),(16,'Apply citizenship',NULL,NULL,'CCMCZ301',NULL,NULL,NULL,'COMPLEMENTARY'),(18,'Create a business',NULL,NULL,'CCMBC302',NULL,NULL,NULL,'COMPLEMENTARY'),(19,'Discipleship',NULL,NULL,'Discipleship',NULL,NULL,NULL,'COMPLEMENTARY'),(22,'Pratiquer les activits de communication en Franais dans le mtier.',NULL,NULL,'CCMFT302',NULL,NULL,NULL,'COMPLEMENTARY'),(23,'ENTREPRENEURSHIP',NULL,NULL,'CCMBP402',NULL,NULL,NULL,'COMPLEMENTARY'),(24,'INFORMATION AND COMMUNICATION TECHNOLOGY(ICT)',NULL,NULL,'CCMCS402',NULL,NULL,NULL,'COMPLEMENTARY'),(25,'ENGLISH',NULL,NULL,'CCMEN402',NULL,NULL,NULL,'COMPLEMENTARY'),(26,'FRANCAIS',NULL,NULL,'CCMFT402',NULL,NULL,NULL,'COMPLEMENTARY'),(27,'IKINYARWANDA',NULL,NULL,'CCMKN402',NULL,NULL,NULL,'COMPLEMENTARY'),(28,'CITIZENSHIP',NULL,NULL,'CMCZ402',NULL,NULL,NULL,'COMPLEMENTARY'),(29,'INDUSTRIAL ATTACHMENT PROGRAM(IAP)',NULL,NULL,'CCMIA402',NULL,NULL,NULL,'COMPLEMENTARY'),(30,'BASICS OF NETWORKING',NULL,NULL,'GENBN401',NULL,NULL,NULL,'GENERAL'),(31,'APPLY FUNDAMENTAL MATHEMATICS ANALYSIS',NULL,NULL,'GENFA402',NULL,NULL,NULL,'GENERAL'),(32,'APPLY MECHANICS AND PROPERTIES OF MATTER',NULL,NULL,'GENMP402',NULL,NULL,NULL,'GENERAL'),(33,'BACKEND APPLICATION DEVELOPMENT',NULL,NULL,'SWDBD401',NULL,NULL,NULL,'CORE'),(34,'BACKEND SYSTEM DESIGN',NULL,NULL,'SWDBS401',NULL,NULL,NULL,'CORE'),(35,'DATA STRUCTURE AND ALGORITHM FUNDAMENTALS',NULL,NULL,'SWDDA401',NULL,NULL,NULL,'CORE'),(36,'DATABASE DEVELOPMENT',NULL,NULL,'SWDDD401',NULL,NULL,NULL,'CORE'),(37,'PHP PROGRAMMING',NULL,NULL,'SWDPP401',NULL,NULL,NULL,'CORE'),(38,'WINDOWS SERVER ADMINISTRATION correct',NULL,NULL,'SWDWS401',NULL,NULL,NULL,'CORE'),(39,'Organize a Business',NULL,NULL,'CCMBO502',NULL,NULL,NULL,'COMPLEMENTARY'),(40,'DEVELOP ATTITUDES OF LIVING TOGETHER IN HARMONY',NULL,NULL,'CCMCZ501',NULL,NULL,NULL,'COMPLEMENTARY'),(41,'Use upper-intermediate English at the workplace',NULL,NULL,'CCMEN502',NULL,NULL,NULL,'COMPLEMENTARY'),(42,'ECHANGER LES IDEES EN FRANCAIS ELEMENTAIRE',NULL,NULL,'CCMFT502',NULL,NULL,NULL,'COMPLEMENTARY'),(43,'APPLY ICT AT WORKPLACE',NULL,NULL,'CCMIW502',NULL,NULL,NULL,'COMPLEMENTARY'),(44,'Kutumia Kiswahili Katika Mawasiliano ya kazini',NULL,NULL,'CCMKK502',NULL,NULL,NULL,'COMPLEMENTARY'),(45,'GUKORESHA IKINYARWANDA KINTYOZA',NULL,NULL,'CCMKN502',NULL,NULL,NULL,'COMPLEMENTARY'),(46,'Apply professional and multi-cultural ethics at workplace',NULL,NULL,'CCMPE502',NULL,NULL,NULL,'COMPLEMENTARY'),(47,'Python Programming',NULL,NULL,'GENPP501',NULL,NULL,NULL,'GENERAL'),(48,'Quality Assurance',NULL,NULL,'GENQA501',NULL,NULL,NULL,'GENERAL'),(49,'APPLY DYNAMICS AND WAVES',NULL,NULL,'GENDW502',NULL,NULL,NULL,'GENERAL'),(50,'Mathematical Analysis, Statistics and Probability',NULL,NULL,'GENAP502',NULL,NULL,NULL,'GENERAL'),(51,'Blockchains Fundamentals',NULL,NULL,'SWDBF501',NULL,NULL,NULL,'CORE'),(52,'Front-End App Development with React.JS',NULL,NULL,'SWDFA501',NULL,NULL,NULL,'CORE'),(53,'Mobile App Development',NULL,NULL,'SWDMA501',NULL,NULL,NULL,'CORE'),(54,'Machine Learning Application',NULL,NULL,'SWDML501',NULL,NULL,NULL,'CORE'),(55,'NoSQL_Database Development',NULL,NULL,'SWDND501',NULL,NULL,NULL,'CORE'),(56,'Devops Application',NULL,NULL,'SWDOT501',NULL,NULL,NULL,'CORE'),(57,'Integrate the Workplace',NULL,NULL,'SWDIA502',NULL,NULL,NULL,'CORE'),(59,'CITIZENSHIP',NULL,NULL,'CMCZ502',NULL,NULL,NULL,'COMPLEMENTARY');
/*!40000 ALTER TABLE `Subject` ENABLE KEYS */;
UNLOCK TABLES;

--
-- Table structure for table `SubjectTrade`
--

DROP TABLE IF EXISTS `SubjectTrade`;
/*!40101 SET @saved_cs_client     = @@character_set_client */;
/*!50503 SET character_set_client = utf8mb4 */;
CREATE TABLE `SubjectTrade` (
  `id` int NOT NULL AUTO_INCREMENT,
  `sbj_id` int NOT NULL,
  `trade_id` int NOT NULL,
  PRIMARY KEY (`id`),
  UNIQUE KEY `SubjectTrade_trade_id_sbj_id_unique` (`sbj_id`,`trade_id`),
  KEY `trade_id` (`trade_id`),
  CONSTRAINT `SubjectTrade_ibfk_31` FOREIGN KEY (`sbj_id`) REFERENCES `Subject` (`sbj_id`) ON DELETE CASCADE ON UPDATE CASCADE,
  CONSTRAINT `SubjectTrade_ibfk_32` FOREIGN KEY (`trade_id`) REFERENCES `Trade` (`trade_id`) ON DELETE CASCADE ON UPDATE CASCADE
) ENGINE=InnoDB AUTO_INCREMENT=80 DEFAULT CHARSET=utf8mb4 COLLATE=utf8mb4_0900_ai_ci;
/*!40101 SET character_set_client = @saved_cs_client */;

--
-- Dumping data for table `SubjectTrade`
--

LOCK TABLES `SubjectTrade` WRITE;
/*!40000 ALTER TABLE `SubjectTrade` DISABLE KEYS */;
INSERT INTO `SubjectTrade` VALUES (34,1,1),(22,2,1),(26,3,1),(24,4,1),(27,5,1),(23,6,1),(18,7,1),(76,8,1),(10,9,1),(11,10,1),(38,11,1),(37,12,1),(31,13,1),(29,14,1),(35,15,1),(30,16,1),(32,18,1),(36,19,1),(39,22,1),(40,23,1),(41,24,1),(42,25,1),(43,26,1),(44,27,1),(45,28,1),(46,29,1),(47,30,1),(48,31,1),(49,32,1),(50,33,1),(51,34,1),(52,35,1),(53,36,1),(54,37,1),(55,38,1),(56,39,1),(57,40,1),(58,41,1),(59,42,1),(60,43,1),(61,44,1),(62,45,1),(63,46,1),(64,47,1),(65,48,1),(66,49,1),(67,50,1),(68,51,1),(69,52,1),(70,53,1),(71,54,1),(72,55,1),(73,56,1),(74,57,1),(79,59,1);
/*!40000 ALTER TABLE `SubjectTrade` ENABLE KEYS */;
UNLOCK TABLES;

--
-- Table structure for table `SubjectWeight`
--

DROP TABLE IF EXISTS `SubjectWeight`;
/*!40101 SET @saved_cs_client     = @@character_set_client */;
/*!50503 SET character_set_client = utf8mb4 */;
CREATE TABLE `SubjectWeight` (
  `weight_id` int NOT NULL AUTO_INCREMENT,
  `sbj_id` int NOT NULL,
  `assessment_weight` float NOT NULL DEFAULT '30',
  `exam_weight` float NOT NULL DEFAULT '70',
  `createdAt` datetime NOT NULL,
  `updatedAt` datetime NOT NULL,
  PRIMARY KEY (`weight_id`),
  KEY `sbj_id` (`sbj_id`),
  CONSTRAINT `SubjectWeight_ibfk_1` FOREIGN KEY (`sbj_id`) REFERENCES `Subject` (`sbj_id`)
) ENGINE=InnoDB DEFAULT CHARSET=utf8mb4 COLLATE=utf8mb4_0900_ai_ci;
/*!40101 SET character_set_client = @saved_cs_client */;

--
-- Dumping data for table `SubjectWeight`
--

LOCK TABLES `SubjectWeight` WRITE;
/*!40000 ALTER TABLE `SubjectWeight` DISABLE KEYS */;
/*!40000 ALTER TABLE `SubjectWeight` ENABLE KEYS */;
UNLOCK TABLES;

--
-- Table structure for table `Timetable`
--

DROP TABLE IF EXISTS `Timetable`;
/*!40101 SET @saved_cs_client     = @@character_set_client */;
/*!50503 SET character_set_client = utf8mb4 */;
CREATE TABLE `Timetable` (
  `timetable_id` int NOT NULL AUTO_INCREMENT,
  `timetable_name` varchar(100) NOT NULL,
  `description` text,
  `is_active` tinyint(1) DEFAULT '0',
  `created_at` datetime DEFAULT NULL,
  `updated_at` datetime DEFAULT NULL,
  PRIMARY KEY (`timetable_id`)
) ENGINE=InnoDB DEFAULT CHARSET=utf8mb4 COLLATE=utf8mb4_0900_ai_ci;
/*!40101 SET character_set_client = @saved_cs_client */;

--
-- Dumping data for table `Timetable`
--

LOCK TABLES `Timetable` WRITE;
/*!40000 ALTER TABLE `Timetable` DISABLE KEYS */;
/*!40000 ALTER TABLE `Timetable` ENABLE KEYS */;
UNLOCK TABLES;

--
-- Table structure for table `Timetable_Entry`
--

DROP TABLE IF EXISTS `Timetable_Entry`;
/*!40101 SET @saved_cs_client     = @@character_set_client */;
/*!50503 SET character_set_client = utf8mb4 */;
CREATE TABLE `Timetable_Entry` (
  `entry_id` int NOT NULL AUTO_INCREMENT,
  `timetable_id` int NOT NULL,
  `class_id` int NOT NULL,
  `sbj_id` int DEFAULT NULL,
  `teacher_id` int DEFAULT NULL,
  `day_of_week` enum('MONDAY','TUESDAY','WEDNESDAY','THURSDAY','FRIDAY','SATURDAY','SUNDAY') NOT NULL,
  `start_time` time NOT NULL,
  `end_time` time NOT NULL,
  `period_type` enum('CLASS','BREAK','LUNCH','ASSEMBLY','EVENT') DEFAULT 'CLASS',
  `attendance_required` tinyint(1) DEFAULT '1',
  `created_at` datetime DEFAULT NULL,
  `updated_at` datetime DEFAULT NULL,
  PRIMARY KEY (`entry_id`),
  KEY `timetable_id` (`timetable_id`),
  KEY `class_id` (`class_id`),
  KEY `sbj_id` (`sbj_id`),
  KEY `teacher_id` (`teacher_id`),
  CONSTRAINT `Timetable_Entry_ibfk_100` FOREIGN KEY (`teacher_id`) REFERENCES `Employee` (`emp_id`) ON DELETE SET NULL ON UPDATE CASCADE,
  CONSTRAINT `Timetable_Entry_ibfk_97` FOREIGN KEY (`timetable_id`) REFERENCES `Timetable` (`timetable_id`) ON DELETE CASCADE ON UPDATE CASCADE,
  CONSTRAINT `Timetable_Entry_ibfk_98` FOREIGN KEY (`class_id`) REFERENCES `Class` (`class_id`) ON DELETE CASCADE ON UPDATE CASCADE,
  CONSTRAINT `Timetable_Entry_ibfk_99` FOREIGN KEY (`sbj_id`) REFERENCES `Subject` (`sbj_id`) ON DELETE SET NULL ON UPDATE CASCADE
) ENGINE=InnoDB DEFAULT CHARSET=utf8mb4 COLLATE=utf8mb4_0900_ai_ci;
/*!40101 SET character_set_client = @saved_cs_client */;

--
-- Dumping data for table `Timetable_Entry`
--

LOCK TABLES `Timetable_Entry` WRITE;
/*!40000 ALTER TABLE `Timetable_Entry` DISABLE KEYS */;
/*!40000 ALTER TABLE `Timetable_Entry` ENABLE KEYS */;
UNLOCK TABLES;

--
-- Table structure for table `Trade`
--

DROP TABLE IF EXISTS `Trade`;
/*!40101 SET @saved_cs_client     = @@character_set_client */;
/*!50503 SET character_set_client = utf8mb4 */;
CREATE TABLE `Trade` (
  `trade_id` int NOT NULL AUTO_INCREMENT,
  `trade_name` varchar(100) NOT NULL,
  `trade_description` text,
  PRIMARY KEY (`trade_id`)
) ENGINE=InnoDB AUTO_INCREMENT=2 DEFAULT CHARSET=utf8mb4 COLLATE=utf8mb4_0900_ai_ci;
/*!40101 SET character_set_client = @saved_cs_client */;

--
-- Dumping data for table `Trade`
--

LOCK TABLES `Trade` WRITE;
/*!40000 ALTER TABLE `Trade` DISABLE KEYS */;
INSERT INTO `Trade` VALUES (1,'Software Development','this is the software development trade');
/*!40000 ALTER TABLE `Trade` ENABLE KEYS */;
UNLOCK TABLES;
SET @@SESSION.SQL_LOG_BIN = @MYSQLDUMP_TEMP_LOG_BIN;
/*!40103 SET TIME_ZONE=@OLD_TIME_ZONE */;

/*!40101 SET SQL_MODE=@OLD_SQL_MODE */;
/*!40014 SET FOREIGN_KEY_CHECKS=@OLD_FOREIGN_KEY_CHECKS */;
/*!40014 SET UNIQUE_CHECKS=@OLD_UNIQUE_CHECKS */;
/*!40101 SET CHARACTER_SET_CLIENT=@OLD_CHARACTER_SET_CLIENT */;
/*!40101 SET CHARACTER_SET_RESULTS=@OLD_CHARACTER_SET_RESULTS */;
/*!40101 SET COLLATION_CONNECTION=@OLD_COLLATION_CONNECTION */;
/*!40111 SET SQL_NOTES=@OLD_SQL_NOTES */;

-- Dump completed on 2025-12-21 13:19:24
